survey_key,date,length,area,mac_plast_w,mic_plas_w,total_w,est_weight,num_parts_staff,num_parts_other,time_minutes,participants,project,is_2020,location,loc_date
aabach2020-10-2230,2020-10-22,30,75.00,75.000,0.145,0.080,0.0,1,0,90,"[""HD""]",2020,True,aabach,"('aabach', '2020-10-22')"
aare-limmatspitz2020-07-13120,2020-07-13,120,253.00,155.000,0.033,0.155,0.0,1,0,90,"[""HD""]",2020,True,aare-limmatspitz,"('aare-limmatspitz', '2020-07-13')"
aare-solothurn-lido-strand2020-09-0511,2020-09-05,11,38.00,1.000,0.000,0.001,0.0,1,0,80,"[""HD""]",2020,True,aare-solothurn-lido-strand,"('aare-solothurn-lido-strand', '2020-09-05')"
aare_bern_gerberm2020-09-2337,2020-09-23,37,148.00,3800.000,0.000,5.300,0.0,1,1,150,"[""HD""]",2020,True,aare_bern_gerberm,"('aare_bern_gerberm', '2020-09-23')"
aare_bern_scheurerk2020-05-1332,2020-05-13,32,96.00,100.000,0.000,0.140,0.0,1,0,120,"[""HD""]",2020,True,aare_bern_scheurerk,"('aare_bern_scheurerk', '2020-05-13')"
aare_brugg_buchie2020-07-1338,2020-07-13,38,113.00,199.500,0.000,0.200,0.0,1,0,70,"[""HD""]",2020,True,aare_brugg_buchie,"('aare_brugg_buchie', '2020-07-13')"
aare_koniz_hoppej2020-11-0670,2020-11-06,70,560.00,20.000,0.000,0.100,0.0,1,0,60,"[""HD""]",2020,True,aare_koniz_hoppej,"('aare_koniz_hoppej', '2020-11-06')"
aare_post2020-05-1770,2020-05-17,70,490.00,10.000,0.024,0.060,0.0,1,0,70,"[""HD""]",2020,True,aare_post,"('aare_post', '2020-05-17')"
aare_suhrespitz_badert2020-11-1221,2020-11-12,21,55.00,110.000,0.000,0.130,0.0,1,0,50,"[""HD""]",2020,True,aare_suhrespitz_badert,"('aare_suhrespitz_badert', '2020-11-12')"
ascona-traghetto-spiaggia2020-08-2627,2020-08-26,27,185.00,0.080,0.067,0.190,0.0,1,0,120,"[""HD""]",2020,True,ascona-traghetto-spiaggia,"('ascona-traghetto-spiaggia', '2020-08-26')"
augustmutzenbergstrandweg2020-10-099,2020-10-09,9,12.00,1.000,0.000,0.001,0.0,1,0,60,"[""HD""]",2020,True,augustmutzenbergstrandweg,"('augustmutzenbergstrandweg', '2020-10-09')"
baby-plage-geneva2020-05-05105,2020-05-05,105,630.00,250.000,0.000,0.450,0.0,1,3,150,"[""HD"",""ASL"",""EG""]",2020,True,baby-plage-geneva,"('baby-plage-geneva', '2020-05-05')"
baby-plage-geneva2020-06-09100,2020-06-09,100,550.00,690.000,1.265,0.691,0.0,1,3,35,"[""ASL"",""PRCS"",""HD""]",2020,True,baby-plage-geneva,"('baby-plage-geneva', '2020-06-09')"
baby-plage-geneva2020-07-07100,2020-07-07,100,400.00,350.000,16.115,0.830,0.0,1,10,90,"[""ASL"",""EG""]",2020,True,baby-plage-geneva,"('baby-plage-geneva', '2020-07-07')"
baby-plage-geneva2020-10-2074,2020-10-20,74,370.00,130.000,0.240,0.165,0.0,1,0,180,"[""HD""]",2020,True,baby-plage-geneva,"('baby-plage-geneva', '2020-10-20')"
baby-plage-geneva2021-01-1653,2021-01-16,53,265.00,250.000,0.000,0.320,0.0,1,5,90,"[""HD"",""EG""]",2020,True,baby-plage-geneva,"('baby-plage-geneva', '2021-01-16')"
baby-plage-ii-geneve2020-11-0154,2020-11-01,54,324.00,29.000,0.093,0.030,0.0,1,7,90,"[""EG""]",2020,True,baby-plage-ii-geneve,"('baby-plage-ii-geneve', '2020-11-01')"
bain-des-dames2020-06-1129,2020-06-11,29,261.00,440.000,0.001,0.450,0.0,1,0,120,"[""HD""]",2020,True,bain-des-dames,"('bain-des-dames', '2020-06-11')"
baye-de-montreux-g2020-05-0732,2020-05-07,32,140.00,90.000,0.000,0.290,0.0,1,0,120,"[""HD""]",2020,True,baye-de-montreux-g,"('baye-de-montreux-g', '2020-05-07')"
baye-de-montreux-g2020-06-0218,2020-06-02,18,126.00,100.000,0.000,0.500,0.0,1,0,133,"[""HD""]",2020,True,baye-de-montreux-g,"('baye-de-montreux-g', '2020-06-02')"
baye-de-montreux-g2020-07-1419,2020-07-14,19,42.00,120.000,0.000,0.130,0.0,1,0,60,"[""HD""]",2020,True,baye-de-montreux-g,"('baye-de-montreux-g', '2020-07-14')"
baye-de-montreux-g2020-08-1120,2020-08-11,20,40.00,60.000,0.001,0.070,0.0,1,0,95,"[""HD""]",2020,True,baye-de-montreux-g,"('baye-de-montreux-g', '2020-08-11')"
baye-de-montreux-g2020-09-0831,2020-09-08,31,105.00,75.000,0.000,0.200,0.0,1,0,120,"[""HD""]",2020,True,baye-de-montreux-g,"('baye-de-montreux-g', '2020-09-08')"
baye-de-montreux-g2020-10-1521,2020-10-15,21,56.00,0.050,0.000,2.900,0.0,1,0,75,"[""HD""]",2020,True,baye-de-montreux-g,"('baye-de-montreux-g', '2020-10-15')"
beich2020-11-1365,2020-11-13,65,260.00,20.000,0.000,0.020,0.0,1,1,35,"[""HD""]",2020,True,beich,"('beich', '2020-11-13')"
bern-fahrstrasse2020-09-0455,2020-09-04,55,440.00,0.000,0.000,0.010,0.0,1,0,60,"[""HD""]",2020,True,bern-fahrstrasse,"('bern-fahrstrasse', '2020-09-04')"
bern-tiergarten2020-11-0550,2020-11-05,50,320.00,40.000,0.000,1.600,0.0,1,0,69,"[""HD""]",2020,True,bern-tiergarten,"('bern-tiergarten', '2020-11-05')"
bielersee_vinelz_fankhausers2020-04-2712,2020-04-27,12,24.00,200.000,0.010,0.220,0.0,1,0,115,"[""HD""]",2020,True,bielersee_vinelz_fankhausers,"('bielersee_vinelz_fankhausers', '2020-04-27')"
bielersee_vinelz_fankhausers2020-05-3011,2020-05-30,11,22.00,405.000,0.020,0.420,0.0,1,0,70,"[""HD""]",2020,True,bielersee_vinelz_fankhausers,"('bielersee_vinelz_fankhausers', '2020-05-30')"
bielersee_vinelz_fankhausers2020-06-2612,2020-06-26,12,25.00,399.000,0.057,0.400,0.0,1,0,90,"[""HD""]",2020,True,bielersee_vinelz_fankhausers,"('bielersee_vinelz_fankhausers', '2020-06-26')"
bielersee_vinelz_fankhausers2020-07-2714,2020-07-27,14,19.00,55.000,0.116,0.065,0.0,1,0,105,"[""HD""]",2020,True,bielersee_vinelz_fankhausers,"('bielersee_vinelz_fankhausers', '2020-07-27')"
bielersee_vinelz_fankhausers2020-08-2814,2020-08-28,14,25.00,34.000,0.162,0.055,0.0,1,0,95,"[""HD""]",2020,True,bielersee_vinelz_fankhausers,"('bielersee_vinelz_fankhausers', '2020-08-28')"
bielersee_vinelz_fankhausers2020-09-2614,2020-09-26,14,29.00,60.000,0.084,0.084,0.0,1,0,115,"[""HD""]",2020,True,bielersee_vinelz_fankhausers,"('bielersee_vinelz_fankhausers', '2020-09-26')"
bielersee_vinelz_fankhausers2020-10-3025,2020-10-30,25,44.00,75.000,0.000,0.005,0.0,1,0,80,"[""HD""]",2020,True,bielersee_vinelz_fankhausers,"('bielersee_vinelz_fankhausers', '2020-10-30')"
bielersee_vinelz_fankhausers2020-11-3032,2020-11-30,32,96.00,100.000,0.000,0.100,0.0,1,0,70,"[""HD""]",2020,True,bielersee_vinelz_fankhausers,"('bielersee_vinelz_fankhausers', '2020-11-30')"
bielersee_vinelz_fankhausers2020-12-3043,2020-12-30,43,121.00,210.000,0.147,1.080,0.0,1,0,135,"[""HD""]",2020,True,bielersee_vinelz_fankhausers,"('bielersee_vinelz_fankhausers', '2020-12-30')"
bielersee_vinelz_fankhausers2021-01-3016,2021-01-30,16,27.00,89.000,0.192,0.090,0.0,1,0,120,"[""HD""]",2020,True,bielersee_vinelz_fankhausers,"('bielersee_vinelz_fankhausers', '2021-01-30')"
boiron2020-11-0450,2020-11-04,50,100.00,65.000,0.013,0.100,0.0,1,0,85,"[""HD""]",2020,True,boiron,"('boiron', '2020-11-04')"
brugg-be-buren-bsg-standort2020-09-2236,2020-09-22,36,75.00,120.000,0.000,1.905,0.0,1,0,90,"[""HD""]",2020,True,brugg-be-buren-bsg-standort,"('brugg-be-buren-bsg-standort', '2020-09-22')"
camp-des-peches2020-11-2037,2020-11-20,37,93.00,35.000,0.000,0.045,0.0,1,0,110,"[""HD""]",2020,True,camp-des-peches,"('camp-des-peches', '2020-11-20')"
camping-gwatt-strand2020-11-0625,2020-11-06,25,101.00,3020.000,0.010,3.200,0.0,1,0,95,"[""HD""]",2020,True,camping-gwatt-strand,"('camping-gwatt-strand', '2020-11-06')"
cully-plage2020-06-2512,2020-06-25,12,48.00,45.000,0.000,0.045,0.0,1,0,58,"[""HD""]",2020,True,cully-plage,"('cully-plage', '2020-06-25')"
cully-plage2021-02-0412,2021-02-04,12,30.00,60.000,0.000,0.170,0.0,1,0,85,"[""PRCS""]",2020,True,cully-plage,"('cully-plage', '2021-02-04')"
delta-park2020-11-1935,2020-11-19,35,70.00,50.000,0.000,0.080,0.0,1,0,80,"[""HD""]",2020,True,delta-park,"('delta-park', '2020-11-19')"
evole-plage2020-05-0262,2020-05-02,62,203.00,200.000,0.000,0.700,0.0,1,0,135,"[""HD""]",2020,True,evole-plage,"('evole-plage', '2020-05-02')"
evole-plage2020-06-0261,2020-06-02,61,265.00,100.000,0.000,0.800,0.0,1,0,110,"[""HD""]",2020,True,evole-plage,"('evole-plage', '2020-06-02')"
evole-plage2020-07-0150,2020-07-01,50,250.00,75.000,0.000,0.290,0.0,1,0,105,"[""HD""]",2020,True,evole-plage,"('evole-plage', '2020-07-01')"
evole-plage2020-07-3160,2020-07-31,60,300.00,160.000,0.000,0.230,0.0,1,0,120,"[""HD""]",2020,True,evole-plage,"('evole-plage', '2020-07-31')"
evole-plage2020-09-0252,2020-09-02,52,267.00,185.000,0.000,0.325,0.0,1,0,160,"[""HD""]",2020,True,evole-plage,"('evole-plage', '2020-09-02')"
evole-plage2020-10-0455,2020-10-04,55,197.00,320.000,0.000,0.650,0.0,1,0,160,"[""HD""]",2020,True,evole-plage,"('evole-plage', '2020-10-04')"
evole-plage2020-11-0366,2020-11-03,66,304.00,270.000,0.000,0.580,0.0,1,0,180,"[""HD""]",2020,True,evole-plage,"('evole-plage', '2020-11-03')"
evole-plage2020-12-0254,2020-12-02,54,319.00,130.000,0.000,0.340,0.0,1,0,100,"[""HD""]",2020,True,evole-plage,"('evole-plage', '2020-12-02')"
evole-plage2021-01-0460,2021-01-04,60,322.00,250.000,0.000,0.600,0.0,1,0,125,"[""HD""]",2020,True,evole-plage,"('evole-plage', '2021-01-04')"
evole-plage2021-02-0346,2021-02-03,46,193.00,330.000,0.020,0.610,0.0,1,0,180,"[""HD""]",2020,True,evole-plage,"('evole-plage', '2021-02-03')"
flibach-river-right-bank2020-07-2017,2020-07-20,17,40.80,1.000,0.000,0.001,0.0,1,0,60,"[""HD""]",2020,True,flibach-river-right-bank,"('flibach-river-right-bank', '2020-07-20')"
gals-reserve2020-05-3018,2020-05-30,18,36.00,380.000,0.001,0.400,0.0,1,0,60,"[""HD""]",2020,True,gals-reserve,"('gals-reserve', '2020-05-30')"
gals-reserve2020-08-2820,2020-08-28,20,28.00,25.000,0.000,0.030,0.0,1,0,60,"[""HD""]",2020,True,gals-reserve,"('gals-reserve', '2020-08-28')"
gasi-strand2020-04-2438,2020-04-24,38,119.00,200.000,0.000,0.220,0.0,1,0,105,"[""HD""]",2020,True,gasi-strand,"('gasi-strand', '2020-04-24')"
gasi-strand2020-05-1858,2020-05-18,58,348.00,200.000,0.001,0.200,0.0,1,0,100,"[""HD""]",2020,True,gasi-strand,"('gasi-strand', '2020-05-18')"
gasi-strand2020-06-2082,2020-06-20,82,418.00,95.000,0.287,0.105,0.0,1,1,120,"[""HD""]",2020,True,gasi-strand,"('gasi-strand', '2020-06-20')"
gasi-strand2020-07-2090,2020-07-20,90,225.00,55.000,0.000,0.070,0.0,1,0,110,"[""HD""]",2020,True,gasi-strand,"('gasi-strand', '2020-07-20')"
gasi-strand2020-08-21108,2020-08-21,108,378.00,108.000,0.033,0.110,0.0,1,0,150,"[""HD""]",2020,True,gasi-strand,"('gasi-strand', '2020-08-21')"
gasi-strand2020-09-24103,2020-09-24,103,1200.00,55.000,0.000,0.175,0.0,1,0,120,"[""HD""]",2020,True,gasi-strand,"('gasi-strand', '2020-09-24')"
gasi-strand2020-10-2398,2020-10-23,98,588.00,135.000,0.000,0.220,0.0,1,0,100,"[""HD""]",2020,True,gasi-strand,"('gasi-strand', '2020-10-23')"
gasi-strand2020-11-2285,2020-11-22,85,595.00,190.000,0.080,0.310,0.0,1,0,80,"[""HD""]",2020,True,gasi-strand,"('gasi-strand', '2020-11-22')"
gasi-strand2020-12-22100,2020-12-22,100,600.00,39.986,0.012,0.050,0.0,1,0,119,"[""HD""]",2020,True,gasi-strand,"('gasi-strand', '2020-12-22')"
gasi-strand2021-01-21124,2021-01-21,124,124.00,100.000,0.001,0.480,0.0,1,0,75,"[""HD""]",2020,True,gasi-strand,"('gasi-strand', '2021-01-21')"
gerra-gambarogno2020-08-0980,2020-08-09,80,200.00,11.000,0.000,0.350,0.0,1,0,45,"[""PRCS""]",2020,True,gerra-gambarogno,"('gerra-gambarogno', '2020-08-09')"
grand-clos2020-05-0732,2020-05-07,32,192.00,2400.000,0.125,3.500,0.0,1,0,284,"[""HD""]",2020,True,grand-clos,"('grand-clos', '2020-05-07')"
grand-clos2020-06-0934,2020-06-09,34,238.00,1200.000,0.253,1.600,0.0,1,0,255,"[""HD""]",2020,True,grand-clos,"('grand-clos', '2020-06-09')"
grand-clos2020-07-0728,2020-07-07,28,168.00,5000.000,3.200,8.000,0.0,1,1,420,"[""HD"",""PRCS""]",2020,True,grand-clos,"('grand-clos', '2020-07-07')"
grand-clos2020-08-0626,2020-08-06,26,78.00,1400.000,0.085,2.500,0.0,1,0,360,"[""HD""]",2020,True,grand-clos,"('grand-clos', '2020-08-06')"
grand-clos2020-09-0845,2020-09-08,45,225.00,950.000,0.146,1.000,0.0,1,0,224,"[""HD""]",2020,True,grand-clos,"('grand-clos', '2020-09-08')"
grand-clos2020-10-0628,2020-10-06,28,56.00,760.000,0.000,0.950,0.0,1,0,210,"[""HD""]",2020,True,grand-clos,"('grand-clos', '2020-10-06')"
grand-clos2020-12-0831,2020-12-08,31,155.00,2.500,0.567,2.600,0.0,1,1,240,"[""HD""]",2020,True,grand-clos,"('grand-clos', '2020-12-08')"
grand-clos2021-01-0768,2021-01-07,68,105.00,330.000,0.068,0.710,0.0,2,0,240,"[""HD""]",2020,True,grand-clos,"('grand-clos', '2021-01-07')"
grand-clos2021-02-0961,2021-02-09,61,244.00,0.440,0.018,0.800,0.0,1,0,125,"[""HD""]",2020,True,grand-clos,"('grand-clos', '2021-02-09')"
hafeli2020-06-0841,2020-06-08,41,246.00,270.000,0.045,0.310,0.0,1,0,120,"[""HD""]",2020,True,hafeli,"('hafeli', '2020-06-08')"
hafeli2020-09-0745,2020-09-07,45,225.00,90.000,0.000,0.100,0.0,1,0,120,"[""HD""]",2020,True,hafeli,"('hafeli', '2020-09-07')"
hauterive-petite-plage2020-07-3142,2020-07-31,42,155.00,70.000,0.000,0.075,0.0,1,0,115,"[""HD""]",2020,True,hauterive-petite-plage,"('hauterive-petite-plage', '2020-07-31')"
impromptu_cudrefin2020-06-0412,2020-06-04,12,24.00,60.000,0.000,0.125,0.0,1,0,70,"[""HD""]",2020,True,impromptu_cudrefin,"('impromptu_cudrefin', '2020-06-04')"
jona-river-rastplatz2020-08-2011,2020-08-20,11,32.00,0.500,0.000,0.001,0.0,1,0,60,"[""HD""]",2020,True,jona-river-rastplatz,"('jona-river-rastplatz', '2020-08-20')"
jona-river-rastplatz2020-10-2235,2020-10-22,35,198.00,1.000,0.000,0.001,0.0,1,0,50,"[""HD""]",2020,True,jona-river-rastplatz,"('jona-river-rastplatz', '2020-10-22')"
jona-river-rastplatz2020-12-2239,2020-12-22,39,96.00,2.000,0.000,0.002,0.0,1,0,40,"[""HD""]",2020,True,jona-river-rastplatz,"('jona-river-rastplatz', '2020-12-22')"
kusnachter-dorfbach-tobelweg-1-42020-09-18129,2020-09-18,129,1093.00,5.000,0.000,0.340,0.0,1,0,100,"[""HD""]",2020,True,kusnachter-dorfbach-tobelweg-1-4,"('kusnachter-dorfbach-tobelweg-1-4', '2020-09-18')"
la-pecherie2020-06-2339,2020-06-23,39,117.00,210.000,0.013,0.340,0.0,1,0,115,"[""HD""]",2020,True,la-pecherie,"('la-pecherie', '2020-06-23')"
la-pecherie2020-10-0636,2020-10-06,36,120.00,320.000,0.000,0.450,0.0,1,0,138,"[""HD"",""PRCS""]",2020,True,la-pecherie,"('la-pecherie', '2020-10-06')"
la-pecherie2021-01-2218,2021-01-22,18,96.00,235.000,0.000,0.445,0.0,1,0,110,"[""PRCS""]",2020,True,la-pecherie,"('la-pecherie', '2021-01-22')"
la-petite-plage2020-05-1286,2020-05-12,86,318.00,200.000,0.265,0.800,0.0,1,0,160,"[""HD""]",2020,True,la-petite-plage,"('la-petite-plage', '2020-05-12')"
la-petite-plage2020-06-1584,2020-06-15,84,697.00,70.000,0.093,0.165,0.0,1,0,150,"[""HD""]",2020,True,la-petite-plage,"('la-petite-plage', '2020-06-15')"
la-petite-plage2020-07-17100,2020-07-17,100,300.00,40.000,0.200,0.045,0.0,1,0,120,"[""HD""]",2020,True,la-petite-plage,"('la-petite-plage', '2020-07-17')"
la-petite-plage2020-08-1791,2020-08-17,91,855.00,160.000,0.252,0.200,0.0,1,0,135,"[""HD""]",2020,True,la-petite-plage,"('la-petite-plage', '2020-08-17')"
la-petite-plage2020-09-1595,2020-09-15,95,883.00,85.000,0.069,0.430,0.0,1,0,135,"[""HD""]",2020,True,la-petite-plage,"('la-petite-plage', '2020-09-15')"
la-petite-plage2020-10-19101,2020-10-19,101,404.00,40.000,0.103,0.080,0.0,2,0,140,"[""HD""]",2020,True,la-petite-plage,"('la-petite-plage', '2020-10-19')"
la-petite-plage2020-11-15101,2020-11-15,101,434.00,195.000,0.000,0.200,0.0,1,0,130,"[""HD""]",2020,True,la-petite-plage,"('la-petite-plage', '2020-11-15')"
la-petite-plage2020-12-1497,2020-12-14,97,487.00,1.000,0.000,0.001,0.0,1,0,55,"[""HD""]",2020,True,la-petite-plage,"('la-petite-plage', '2020-12-14')"
la-petite-plage2021-01-16100,2021-01-16,100,400.00,170.000,0.076,0.740,0.0,1,0,115,"[""HD""]",2020,True,la-petite-plage,"('la-petite-plage', '2021-01-16')"
la-thiele_le-mujon_confluence2020-10-1919,2020-10-19,19,13.00,1.000,0.000,0.001,0.0,1,0,65,"[""HD""]",2020,True,la-thiele_le-mujon_confluence,"('la-thiele_le-mujon_confluence', '2020-10-19')"
lacleman_gland_lecoanets2020-06-1551,2020-06-15,51,306.00,40.000,0.000,0.045,0.0,1,0,100,"[""HD""]",2020,True,lacleman_gland_lecoanets,"('lacleman_gland_lecoanets', '2020-06-15')"
lacleman_gland_lecoanets2020-11-2741,2020-11-27,41,205.00,90.000,0.000,0.090,0.0,1,0,70,"[""HD""]",2020,True,lacleman_gland_lecoanets,"('lacleman_gland_lecoanets', '2020-11-27')"
lavey-la-source2021-01-0520,2021-01-05,20,200.00,700.000,0.000,1.200,0.0,1,0,90,"[""HD""]",2020,True,lavey-la-source,"('lavey-la-source', '2021-01-05')"
lavey-les-bains2021-01-0570,2021-01-05,70,420.00,2600.000,0.000,3.500,0.0,1,0,165,"[""PRCS""]",2020,True,lavey-les-bains,"('lavey-les-bains', '2021-01-05')"
le-pierrier2020-11-1757,2020-11-17,57,200.00,160.000,0.087,0.240,0.0,1,0,120,"[""HD""]",2020,True,le-pierrier,"('le-pierrier', '2020-11-17')"
les-glariers2020-12-0129,2020-12-01,29,116.00,80.000,0.000,0.140,0.0,1,0,60,"[""HD""]",2020,True,les-glariers,"('les-glariers', '2020-12-01')"
les-vieux-ronquoz2020-10-1552,2020-10-15,52,156.00,130.000,0.000,0.130,0.0,1,0,90,"[""HD""]",2020,True,les-vieux-ronquoz,"('les-vieux-ronquoz', '2020-10-15')"
ligerz-strand2020-07-297,2020-07-29,7,7.00,94.000,0.000,0.095,0.0,1,0,60,"[""HD""]",2020,True,ligerz-strand,"('ligerz-strand', '2020-07-29')"
ligerz-strand2020-09-098,2020-09-09,8,42.00,200.000,0.000,0.200,0.0,1,0,100,"[""HD""]",2020,True,ligerz-strand,"('ligerz-strand', '2020-09-09')"
limmat_zuerich_suterdglauserp2020-05-1867,2020-05-18,67,432.00,115.000,0.001,0.980,0.0,1,0,90,"[""HD""]",2020,True,limmat_zuerich_suterdglauserp,"('limmat_zuerich_suterdglauserp', '2020-05-18')"
limmat_zurich_mortensena_meiera2020-06-1221,2020-06-12,21,46.00,0.020,0.000,1.640,0.0,1,0,85,"[""HD""]",2020,True,limmat_zurich_mortensena_meiera,"('limmat_zurich_mortensena_meiera', '2020-06-12')"
linthdammweg2020-11-2296,2020-11-22,96,781.00,50.000,0.000,2.650,0.0,1,0,165,"[""HD""]",2020,True,linthdammweg,"('linthdammweg', '2020-11-22')"
linth_mollis2020-05-1910,2020-05-19,10,16.00,5.000,0.000,0.195,0.0,1,0,60,"[""HD""]",2020,True,linth_mollis,"('linth_mollis', '2020-05-19')"
linth_route9brucke2020-06-1911,2020-06-19,11,39.00,1000.000,0.000,1.000,0.0,1,0,80,"[""HD""]",2020,True,linth_route9brucke,"('linth_route9brucke', '2020-06-19')"
luscherz-plage2020-06-1054,2020-06-10,54,54.00,100.000,0.020,0.100,0.0,1,0,60,"[""HD""]",2020,True,luscherz-plage,"('luscherz-plage', '2020-06-10')"
luscherz-plage2020-07-1157,2020-07-11,57,85.00,2.000,0.000,1.130,0.0,1,0,80,"[""HD""]",2020,True,luscherz-plage,"('luscherz-plage', '2020-07-11')"
luscherz-plage2020-10-3059,2020-10-30,59,246.00,60.000,0.000,0.190,0.0,1,0,95,"[""HD""]",2020,True,luscherz-plage,"('luscherz-plage', '2020-10-30')"
luscherz-plage2021-01-2666,2021-01-26,66,132.00,70.000,0.013,0.150,0.0,1,0,120,"[""HD""]",2020,True,luscherz-plage,"('luscherz-plage', '2021-01-26')"
luscherz-two2020-06-1021,2020-06-10,21,21.00,100.000,0.000,0.148,0.0,1,0,45,"[""HD""]",2020,True,luscherz-two,"('luscherz-two', '2020-06-10')"
maladaire2020-05-2854,2020-05-28,54,108.00,500.000,0.010,0.600,0.0,1,2,169,"[""HD""]",2020,True,maladaire,"('maladaire', '2020-05-28')"
maladaire2020-06-2856,2020-06-28,56,140.00,0.455,0.000,0.765,0.0,1,0,280,"[""PRCS""]",2020,True,maladaire,"('maladaire', '2020-06-28')"
maladaire2020-07-2949,2020-07-29,49,122.50,32.000,0.000,147.000,0.0,1,0,65,"[""PRCS""]",2020,True,maladaire,"('maladaire', '2020-07-29')"
maladaire2020-08-3155,2020-08-31,55,137.00,75.000,0.000,0.380,0.0,1,0,66,"[""PRCS""]",2020,True,maladaire,"('maladaire', '2020-08-31')"
maladaire2020-09-3054,2020-09-30,54,163.00,140.000,0.000,0.355,0.0,1,0,135,"[""PRCS""]",2020,True,maladaire,"('maladaire', '2020-09-30')"
maladaire2020-10-2949,2020-10-29,49,147.00,95.000,0.000,0.125,0.0,1,0,75,"[""PRCS""]",2020,True,maladaire,"('maladaire', '2020-10-29')"
maladaire2020-11-2753,2020-11-27,53,132.00,40.000,0.000,0.295,0.0,1,0,90,"[""PRCS""]",2020,True,maladaire,"('maladaire', '2020-11-27')"
maladaire2020-12-2956,2020-12-29,56,168.00,425.000,0.000,0.515,0.0,1,0,135,"[""PRCS""]",2020,True,maladaire,"('maladaire', '2020-12-29')"
maladaire2021-01-2950,2021-01-29,50,150.00,205.000,0.000,0.335,0.0,1,0,110,"[""PRCS""]",2020,True,maladaire,"('maladaire', '2021-01-29')"
mols-rocks2020-11-2225,2020-11-22,25,50.00,20.000,0.000,0.440,0.0,1,0,60,"[""PRCS""]",2020,True,mols-rocks,"('mols-rocks', '2020-11-22')"
muhlehorn-dorf2020-11-2153,2020-11-21,53,212.00,35.000,0.000,0.050,0.0,1,0,75,"[""HD""]",2020,True,muhlehorn-dorf,"('muhlehorn-dorf', '2020-11-21')"
mullermatte2020-01-2625,2020-01-26,25,127.00,100.000,0.266,0.500,0.0,1,0,200,"[""HD""]",2020,True,mullermatte,"('mullermatte', '2020-01-26')"
mullermatte2020-04-2931,2020-04-29,31,118.00,125.000,0.129,0.400,0.0,1,0,205,"[""HD""]",2020,True,mullermatte,"('mullermatte', '2020-04-29')"
mullermatte2020-05-2939,2020-05-29,39,306.00,200.000,0.001,0.200,0.0,1,0,120,"[""HD""]",2020,True,mullermatte,"('mullermatte', '2020-05-29')"
mullermatte2020-06-3035,2020-06-30,35,127.00,750.000,0.196,0.175,0.0,1,0,140,"[""HD""]",2020,True,mullermatte,"('mullermatte', '2020-06-30')"
mullermatte2020-07-2941,2020-07-29,41,235.00,100.000,0.131,0.175,0.0,1,0,180,"[""HD""]",2020,True,mullermatte,"('mullermatte', '2020-07-29')"
mullermatte2020-08-3144,2020-08-31,44,351.00,200.000,0.456,0.255,0.0,1,0,210,"[""HD""]",2020,True,mullermatte,"('mullermatte', '2020-08-31')"
mullermatte2020-09-3041,2020-09-30,41,360.00,240.000,0.259,0.355,0.0,1,1,240,"[""HD""]",2020,True,mullermatte,"('mullermatte', '2020-09-30')"
mullermatte2020-10-3044,2020-10-30,44,550.00,80.000,0.000,0.400,0.0,2,0,180,"[""HD""]",2020,True,mullermatte,"('mullermatte', '2020-10-30')"
mullermatte2020-11-3043,2020-11-30,43,498.00,55.000,0.044,0.220,0.0,1,0,150,"[""HD""]",2020,True,mullermatte,"('mullermatte', '2020-11-30')"
mullermatte2020-12-3146,2020-12-31,46,425.00,420.000,0.094,0.570,0.0,1,0,135,"[""HD""]",2020,True,mullermatte,"('mullermatte', '2020-12-31')"
mullermatte2021-01-3140,2021-01-31,40,473.00,170.000,0.130,0.520,0.0,1,0,135,"[""HD""]",2020,True,mullermatte,"('mullermatte', '2021-01-31')"
murg-bad2020-10-2329,2020-10-23,29,174.00,185.000,0.000,330.000,0.0,1,0,80,"[""HD""]",2020,True,murg-bad,"('murg-bad', '2020-10-23')"
nidau-strand2020-11-3025,2020-11-30,25,105.00,2.000,0.236,0.130,0.0,1,0,100,"[""HD""]",2020,True,nidau-strand,"('nidau-strand', '2020-11-30')"
nouvelle-plage2020-10-1764,2020-10-17,64,160.00,20.000,0.030,0.020,0.0,1,0,90,"[""HD""]",2020,True,nouvelle-plage,"('nouvelle-plage', '2020-10-17')"
oben-am-see2021-02-0564,2021-02-05,64,256.00,535.000,0.790,0.635,0.0,1,0,140,"[""HD""]",2020,True,oben-am-see,"('oben-am-see', '2021-02-05')"
oyonne2021-01-0622,2021-01-06,22,132.00,450.000,0.000,0.720,0.0,1,0,175,"[""PRCS""]",2020,True,oyonne,"('oyonne', '2021-01-06')"
pacha-mama-gerra2020-08-1080,2020-08-10,80,160.00,19.000,0.000,0.090,0.0,1,0,45,"[""PRCS""]",2020,True,pacha-mama-gerra,"('pacha-mama-gerra', '2020-08-10')"
parc-des-pierrettes2020-10-0146,2020-10-01,46,150.00,590.000,0.640,0.740,0.0,1,7,170,"[""HD""]",2020,True,parc-des-pierrettes,"('parc-des-pierrettes', '2020-10-01')"
plage-de-cheyres2020-03-1599,2020-03-15,99,198.00,50.000,0.001,0.400,0.0,1,0,120,"[""HD""]",2020,True,plage-de-cheyres,"('plage-de-cheyres', '2020-03-15')"
plage-de-cheyres2020-04-1786,2020-04-17,86,395.00,60.000,0.001,0.340,0.0,1,0,210,"[""HD""]",2020,True,plage-de-cheyres,"('plage-de-cheyres', '2020-04-17')"
plage-de-cheyres2020-05-1298,2020-05-12,98,196.00,10.000,0.042,0.200,0.0,1,0,70,"[""HD""]",2020,True,plage-de-cheyres,"('plage-de-cheyres', '2020-05-12')"
plage-de-cheyres2020-06-1587,2020-06-15,87,469.00,164.000,0.110,0.165,0.0,1,0,90,"[""HD""]",2020,True,plage-de-cheyres,"('plage-de-cheyres', '2020-06-15')"
plage-de-cheyres2020-07-1596,2020-07-15,96,384.00,115.000,0.200,0.135,0.0,1,0,100,"[""HD""]",2020,True,plage-de-cheyres,"('plage-de-cheyres', '2020-07-15')"
plage-de-cheyres2020-08-1579,2020-08-15,79,238.00,160.000,0.000,0.180,0.0,1,0,90,"[""HD""]",2020,True,plage-de-cheyres,"('plage-de-cheyres', '2020-08-15')"
plage-de-cheyres2020-09-1582,2020-09-15,82,470.00,30.000,0.000,0.041,0.0,1,0,90,"[""HD""]",2020,True,plage-de-cheyres,"('plage-de-cheyres', '2020-09-15')"
plage-de-cheyres2020-10-1788,2020-10-17,88,175.00,0.032,50.000,0.270,0.0,1,0,100,"[""HD""]",2020,True,plage-de-cheyres,"('plage-de-cheyres', '2020-10-17')"
plage-de-cheyres2020-11-1687,2020-11-16,87,821.00,80.000,0.000,210.000,0.0,1,0,120,"[""HD""]",2020,True,plage-de-cheyres,"('plage-de-cheyres', '2020-11-16')"
plage-de-cheyres2020-12-1488,2020-12-14,88,430.00,99.000,0.000,0.100,0.0,1,0,150,"[""HD""]",2020,True,plage-de-cheyres,"('plage-de-cheyres', '2020-12-14')"
plage-de-cheyres2021-01-1686,2021-01-16,86,292.00,199.000,0.014,0.200,0.0,1,0,150,"[""HD""]",2020,True,plage-de-cheyres,"('plage-de-cheyres', '2021-01-16')"
plage-de-st-sulpice2020-10-0141,2020-10-01,41,193.00,230.000,0.169,3.250,0.0,1,8,140,"[""HD""]",2020,True,plage-de-st-sulpice,"('plage-de-st-sulpice', '2020-10-01')"
pointe-dareuse2020-12-0390,2020-12-03,90,360.00,40.000,0.000,0.040,0.0,1,0,120,"[""HD""]",2020,True,pointe-dareuse,"('pointe-dareuse', '2020-12-03')"
preverenges-le-sout2021-02-04100,2021-02-04,100,300.00,335.000,0.000,0.390,0.0,1,0,160,"[""PRCS""]",2020,True,preverenges-le-sout,"('preverenges-le-sout', '2021-02-04')"
preverenges2020-06-0740,2020-06-07,40,120.00,0.000,0.000,1.000,0.0,1,2,265,"[""PRCS""]",2020,True,preverenges,"('preverenges', '2020-06-07')"
preverenges2020-07-0928,2020-07-09,28,162.00,115.000,4.396,0.400,0.0,1,2,150,"[""HD"",""HKQM""]",2020,True,preverenges,"('preverenges', '2020-07-09')"
preverenges2020-08-1360,2020-08-13,60,180.00,65.000,0.979,0.070,0.0,1,0,120,"[""HD""]",2020,True,preverenges,"('preverenges', '2020-08-13')"
preverenges2020-09-0837,2020-09-08,37,148.00,230.000,0.197,230.000,0.0,1,2,120,"[""PRCS"", ""HD""]",2020,True,preverenges,"('preverenges', '2020-09-08')"
preverenges2020-10-0843,2020-10-08,43,258.00,280.000,3.080,0.310,0.0,1,0,150,"[""HD""]",2020,True,preverenges,"('preverenges', '2020-10-08')"
preverenges2020-11-1250,2020-11-12,50,3.00,170.000,0.336,0.195,0.0,1,0,110,"[""HD"",""PRCS""]",2020,True,preverenges,"('preverenges', '2020-11-12')"
preverenges2020-12-1050,2020-12-10,50,200.00,50.000,0.767,0.060,0.0,1,1,120,"[""HD""]",2020,True,preverenges,"('preverenges', '2020-12-10')"
preverenges2021-01-0768,2021-01-07,68,272.00,185.000,1.370,0.190,0.0,1,0,120,"[""HD""]",2020,True,preverenges,"('preverenges', '2021-01-07')"
preverenges2021-02-0761,2021-02-07,61,244.00,460.000,2.000,0.460,0.0,1,0,135,"[""HD""]",2020,True,preverenges,"('preverenges', '2021-02-07')"
quai-maria-belgia2020-04-2844,2020-04-28,44,282.00,460.000,0.000,0.780,0.0,1,0,150,"[""HD""]",2020,True,quai-maria-belgia,"('quai-maria-belgia', '2020-04-28')"
quai-maria-belgia2020-05-3141,2020-05-31,41,177.00,0.250,0.000,0.290,0.0,2,0,80,"[""HD""]",2020,True,quai-maria-belgia,"('quai-maria-belgia', '2020-05-31')"
quai-maria-belgia2020-06-2842,2020-06-28,42,147.00,0.500,0.000,0.540,0.0,2,0,120,"[""HD""]",2020,True,quai-maria-belgia,"('quai-maria-belgia', '2020-06-28')"
quai-maria-belgia2020-07-2140,2020-07-21,40,128.00,215.000,0.198,0.300,0.0,1,1,109,"[""HD"",""PRCS""]",2020,True,quai-maria-belgia,"('quai-maria-belgia', '2020-07-21')"
quai-maria-belgia2020-08-3041,2020-08-30,41,124.00,0.200,0.000,0.320,0.0,1,0,95,"[""HD""]",2020,True,quai-maria-belgia,"('quai-maria-belgia', '2020-08-30')"
quai-maria-belgia2020-09-2740,2020-09-27,40,130.00,550.000,0.105,0.710,0.0,4,0,170,"[""HD""]",2020,True,quai-maria-belgia,"('quai-maria-belgia', '2020-09-27')"
quai-maria-belgia2020-10-2547,2020-10-25,47,99.00,0.100,0.000,0.160,0.1,1,0,150,"[""HD""]",2020,True,quai-maria-belgia,"('quai-maria-belgia', '2020-10-25')"
quai-maria-belgia2020-11-3036,2020-11-30,36,94.00,0.080,0.000,0.320,0.0,1,0,110,"[""HD""]",2020,True,quai-maria-belgia,"('quai-maria-belgia', '2020-11-30')"
quai-maria-belgia2020-12-2338,2020-12-23,38,115.00,0.000,0.000,0.050,0.0,1,0,95,"[""HD""]",2020,True,quai-maria-belgia,"('quai-maria-belgia', '2020-12-23')"
rastplatz-stampf2020-04-2430,2020-04-24,30,25.00,160.000,0.001,0.160,0.0,1,0,90,"[""HD""]",2020,True,rastplatz-stampf,"('rastplatz-stampf', '2020-04-24')"
rastplatz-stampf2020-05-2217,2020-05-22,17,28.00,1.000,0.035,0.060,0.0,1,0,90,"[""HD""]",2020,True,rastplatz-stampf,"('rastplatz-stampf', '2020-05-22')"
rastplatz-stampf2020-06-1826,2020-06-18,26,50.00,50.000,0.040,0.110,0.0,1,0,100,"[""HD""]",2020,True,rastplatz-stampf,"('rastplatz-stampf', '2020-06-18')"
rastplatz-stampf2020-07-2010,2020-07-20,10,20.00,85.000,0.000,0.140,0.0,1,0,75,"[""HD""]",2020,True,rastplatz-stampf,"('rastplatz-stampf', '2020-07-20')"
rastplatz-stampf2020-08-2019,2020-08-20,19,60.00,35.000,0.000,0.085,0.0,1,0,80,"[""HD""]",2020,True,rastplatz-stampf,"('rastplatz-stampf', '2020-08-20')"
rastplatz-stampf2020-09-2420,2020-09-24,20,79.00,105.000,0.040,0.180,0.0,1,0,80,"[""HD""]",2020,True,rastplatz-stampf,"('rastplatz-stampf', '2020-09-24')"
rastplatz-stampf2020-10-2228,2020-10-22,28,93.00,40.000,0.018,0.050,0.0,1,0,130,"[""HD""]",2020,True,rastplatz-stampf,"('rastplatz-stampf', '2020-10-22')"
rastplatz-stampf2020-11-2130,2020-11-21,30,91.00,50.000,0.000,0.050,0.0,1,0,75,"[""HD""]",2020,True,rastplatz-stampf,"('rastplatz-stampf', '2020-11-21')"
rastplatz-stampf2020-12-2226,2020-12-22,26,85.00,90.000,0.044,1.000,0.0,1,0,100,"[""HD""]",2020,True,rastplatz-stampf,"('rastplatz-stampf', '2020-12-22')"
rastplatz-stampf2021-01-2133,2021-01-21,33,69.00,19.000,0.040,0.020,0.0,1,0,140,"[""HD""]",2020,True,rastplatz-stampf,"('rastplatz-stampf', '2021-01-21')"
reuss_hunenberg_eberhardy2020-12-1916,2020-12-19,16,49.00,0.000,0.000,1.200,0.0,1,0,40,"[""HD""]",2020,True,reuss_hunenberg_eberhardy,"('reuss_hunenberg_eberhardy', '2020-12-19')"
reuss_ottenbach_schoenenbergerl2020-12-1922,2020-12-19,22,88.00,0.000,0.000,0.000,0.0,1,0,30,"[""HD""]",2020,True,reuss_ottenbach_schoenenbergerl,"('reuss_ottenbach_schoenenbergerl', '2020-12-19')"
rivapiana2020-11-2761,2020-11-27,61,290.00,230.000,0.107,0.800,0.0,1,0,165,"[""HD""]",2020,True,rivapiana,"('rivapiana', '2020-11-27')"
rocky-plage2020-11-01157,2020-11-01,157,942.00,151.000,0.001,0.250,0.0,1,9,120,"[""HD"",""EG""]",2020,True,rocky-plage,"('rocky-plage', '2020-11-01')"
route-132020-10-2660,2020-10-26,60,900.00,6.000,0.000,4.900,0.0,1,0,135,"[""HD""]",2020,True,route-13,"('route-13', '2020-10-26')"
ruisseau-de-la-croix-plage2020-09-1550,2020-09-15,50,192.00,70.000,0.031,0.100,0.0,1,0,90,"[""HD""]",2020,True,ruisseau-de-la-croix-plage,"('ruisseau-de-la-croix-plage', '2020-09-15')"
san-nazzaro-gambarogno2020-08-09125,2020-08-09,125,312.50,221.100,0.000,0.296,0.0,1,0,80,"[""PRCS""]",2020,True,san-nazzaro-gambarogno,"('san-nazzaro-gambarogno', '2020-08-09')"
schiffenensee_duedingen_hirschij2020-07-111,2020-07-11,1,1.00,1.000,1.000,1.000,1.0,1,1,1,"[""STPPP""]",2020,True,schiffenensee_duedingen_hirschij,"('schiffenensee_duedingen_hirschij', '2020-07-11')"
schmerikon-bahnhof-strand2020-10-2325,2020-10-23,25,52.00,110.000,0.042,0.120,0.0,1,0,100,"[""HD""]",2020,True,schmerikon-bahnhof-strand,"('schmerikon-bahnhof-strand', '2020-10-23')"
schusspark-strand2020-08-0845,2020-08-08,45,264.00,150.000,0.000,0.200,0.0,1,0,90,"[""HD""]",2020,True,schusspark-strand,"('schusspark-strand', '2020-08-08')"
seeflechsen2020-11-2235,2020-11-22,35,700.00,105.000,0.000,0.210,0.0,1,0,90,"[""PRCS""]",2020,True,seeflechsen,"('seeflechsen', '2020-11-22')"
seemuhlestrasse-strand2020-11-2287,2020-11-22,87,499.00,50.000,0.000,0.380,0.0,1,0,90,"[""HD""]",2020,True,seemuhlestrasse-strand,"('seemuhlestrasse-strand', '2020-11-22')"
seez2020-05-1945,2020-05-19,45,630.00,50.000,0.001,1.000,0.0,1,0,70,"[""HD""]",2020,True,seez,"('seez', '2020-05-19')"
seez_spennwiesenbrucke2020-06-196,2020-06-19,6,12.00,1.000,0.000,0.001,0.0,1,0,50,"[""HD""]",2020,True,seez_spennwiesenbrucke,"('seez_spennwiesenbrucke', '2020-06-19')"
sentiero-giro-del-golf-spiaggia2020-05-2739,2020-05-27,39,105.00,35.000,0.001,0.060,0.0,1,0,90,"[""HD""]",2020,True,sentiero-giro-del-golf-spiaggia,"('sentiero-giro-del-golf-spiaggia', '2020-05-27')"
sentiero-giro-del-golf-spiaggia2020-08-2640,2020-08-26,40,400.00,60.000,0.031,0.260,0.0,1,0,180,"[""HD""]",2020,True,sentiero-giro-del-golf-spiaggia,"('sentiero-giro-del-golf-spiaggia', '2020-08-26')"
sentiero-giro-del-golf-spiaggia2020-11-2759,2020-11-27,59,271.00,50.000,0.000,0.100,0.0,1,0,150,"[""HD""]",2020,True,sentiero-giro-del-golf-spiaggia,"('sentiero-giro-del-golf-spiaggia', '2020-11-27')"
signalpain2020-12-1047,2020-12-10,47,211.00,340.000,0.350,0.370,0.0,1,0,180,"[""HD""]",2020,True,signalpain,"('signalpain', '2020-12-10')"
sihl_zuerich_eichenbergerd2020-10-1329,2020-10-13,29,113.00,0.000,0.000,1.970,0.0,1,0,55,"[""HD""]",2020,True,sihl_zuerich_eichenbergerd,"('sihl_zuerich_eichenbergerd', '2020-10-13')"
spackmatt2020-11-2934,2020-11-29,34,170.00,50.000,0.000,0.180,0.0,1,0,88,"[""HD""]",2020,True,spackmatt,"('spackmatt', '2020-11-29')"
strandbeiz2020-03-2048,2020-03-20,48,110.00,90.000,0.031,0.100,0.0,1,0,180,"[""HD""]",2020,True,strandbeiz,"('strandbeiz', '2020-03-20')"
strandboden-biel2020-10-1032,2020-10-10,32,176.00,400.000,0.002,1.880,0.0,1,0,130,"[""HD""]",2020,True,strandboden-biel,"('strandboden-biel', '2020-10-10')"
strandboden-biel2020-12-2561,2020-12-25,61,244.00,40.000,0.170,0.370,0.0,1,0,119,"[""HD""]",2020,True,strandboden-biel,"('strandboden-biel', '2020-12-25')"
sundbach-strand2020-08-2620,2020-08-26,20,120.00,50.000,0.000,0.060,0.0,1,0,120,"[""HD""]",2020,True,sundbach-strand,"('sundbach-strand', '2020-08-26')"
sundbach-strand2020-11-0724,2020-11-07,24,685.00,90.000,0.000,0.240,0.0,1,0,100,"[""HD""]",2020,True,sundbach-strand,"('sundbach-strand', '2020-11-07')"
thun-strandbad2020-11-2890,2020-11-28,90,540.00,130.000,0.000,0.130,0.0,1,0,90,"[""HD""]",2020,True,thun-strandbad,"('thun-strandbad', '2020-11-28')"
thunersee_spiez_meierd_12020-03-0865,2020-03-08,65,325.00,50.000,0.001,1.300,0.0,1,0,120,"[""HD""]",2020,True,thunersee_spiez_meierd_1,"('thunersee_spiez_meierd_1', '2020-03-08')"
thunersee_spiez_meierd_12020-04-0960,2020-04-09,60,175.80,50.000,0.002,0.200,0.0,1,0,180,"[""HD""]",2020,True,thunersee_spiez_meierd_1,"('thunersee_spiez_meierd_1', '2020-04-09')"
thunersee_spiez_meierd_12020-05-0846,2020-05-08,46,182.00,0.650,0.001,0.230,0.0,1,0,100,"[""HD""]",2020,True,thunersee_spiez_meierd_1,"('thunersee_spiez_meierd_1', '2020-05-08')"
thunersee_spiez_meierd_12020-06-0847,2020-06-08,47,94.00,85.000,0.000,0.170,0.0,1,0,70,"[""HD""]",2020,True,thunersee_spiez_meierd_1,"('thunersee_spiez_meierd_1', '2020-06-08')"
thunersee_spiez_meierd_12020-07-0857,2020-07-08,57,84.00,75.000,0.000,0.160,0.0,1,0,90,"[""HD""]",2020,True,thunersee_spiez_meierd_1,"('thunersee_spiez_meierd_1', '2020-07-08')"
thunersee_spiez_meierd_12020-08-1050,2020-08-10,50,119.00,35.000,0.000,0.120,0.0,1,0,110,"[""HD""]",2020,True,thunersee_spiez_meierd_1,"('thunersee_spiez_meierd_1', '2020-08-10')"
thunersee_spiez_meierd_12020-09-0748,2020-09-07,48,76.00,45.000,0.000,0.240,0.0,1,0,75,"[""HD""]",2020,True,thunersee_spiez_meierd_1,"('thunersee_spiez_meierd_1', '2020-09-07')"
thunersee_spiez_meierd_12020-10-0955,2020-10-09,55,80.00,2.000,0.000,0.038,0.0,1,0,65,"[""HD""]",2020,True,thunersee_spiez_meierd_1,"('thunersee_spiez_meierd_1', '2020-10-09')"
thunersee_spiez_meierd_12020-11-0653,2020-11-06,53,94.00,240.000,0.000,5.140,5.0,1,0,65,"[""HD""]",2020,True,thunersee_spiez_meierd_1,"('thunersee_spiez_meierd_1', '2020-11-06')"
thunersee_spiez_meierd_12020-12-08105,2020-12-08,105,286.00,85.000,0.000,1.980,0.0,1,0,90,"[""HD""]",2020,True,thunersee_spiez_meierd_1,"('thunersee_spiez_meierd_1', '2020-12-08')"
thunersee_spiez_meierd_12021-01-08101,2021-01-08,101,550.00,480.000,0.000,1.470,0.0,1,0,110,"[""HD""]",2020,True,thunersee_spiez_meierd_1,"('thunersee_spiez_meierd_1', '2021-01-08')"
thunersee_spiez_meierd_12021-02-05140,2021-02-05,140,1009.00,0.000,160.000,2.960,0.0,1,0,180,"[""HD""]",2020,True,thunersee_spiez_meierd_1,"('thunersee_spiez_meierd_1', '2021-02-05')"
tiger-duck-beach2020-07-1428,2020-07-14,28,112.00,315.000,0.962,0.430,0.0,1,0,140,"[""HD""]",2020,True,tiger-duck-beach,"('tiger-duck-beach', '2020-07-14')"
tiger-duck-beach2020-10-0130,2020-10-01,30,135.00,255.000,2.164,0.575,0.0,1,13,180,"[""PRCS""]",2020,True,tiger-duck-beach,"('tiger-duck-beach', '2020-10-01')"
tiger-duck-beach2020-11-2420,2020-11-24,20,80.00,180.000,1.800,0.240,0.0,1,4,120,"[""HD""]",2020,True,tiger-duck-beach,"('tiger-duck-beach', '2020-11-24')"
tolochenaz2020-05-1935,2020-05-19,35,145.00,100.000,1.800,0.300,0.0,1,4,149,"[""HD"",""PRCS""]",2020,True,tolochenaz,"('tolochenaz', '2020-05-19')"
tschilljus2020-11-1250,2020-11-12,50,8.00,1005.000,0.000,1.435,0.0,1,0,90,"[""HD""]",2020,True,tschilljus,"('tschilljus', '2020-11-12')"
untertenzen2021-01-21111,2021-01-21,111,289.00,110.000,0.106,0.870,0.0,1,0,100,"[""HD""]",2020,True,untertenzen,"('untertenzen', '2021-01-21')"
versoix2020-05-1451,2020-05-14,51,153.00,360.000,1.500,0.380,1.0,1,0,155,"[""HD""]",2020,True,versoix,"('versoix', '2020-05-14')"
versoix2020-08-0487,2020-08-04,87,305.00,110.000,0.081,0.230,0.0,1,0,125,"[""HD""]",2020,True,versoix,"('versoix', '2020-08-04')"
versoix2020-10-1352,2020-10-13,52,156.00,50.000,0.020,0.090,0.0,1,0,135,"[""HD""]",2020,True,versoix,"('versoix', '2020-10-13')"
vidy-ruines2020-06-0219,2020-06-02,19,221.00,280.000,0.763,0.430,0.0,1,2,90,"[""PRCS""]",2020,True,vidy-ruines,"('vidy-ruines', '2020-06-02')"
vidy-ruines2020-06-306,2020-06-30,6,18.00,90.000,0.000,0.107,0.0,1,1,150,"[""PRCS""]",2020,True,vidy-ruines,"('vidy-ruines', '2020-06-30')"
vidy-ruines2020-08-015,2020-08-01,5,13.75,2.700,0.064,0.017,0.0,1,0,55,"[""PRCS""]",2020,True,vidy-ruines,"('vidy-ruines', '2020-08-01')"
vidy-ruines2020-09-025,2020-09-02,5,10.00,1.500,0.000,0.005,0.0,1,0,40,"[""PRCS""]",2020,True,vidy-ruines,"('vidy-ruines', '2020-09-02')"
vidy-ruines2020-12-016,2020-12-01,6,15.00,33.000,0.000,0.061,0.0,1,0,85,"[""PRCS""]",2020,True,vidy-ruines,"('vidy-ruines', '2020-12-01')"
villa-barton2020-10-2017,2020-10-20,17,51.00,115.000,0.066,0.115,0.0,1,0,120,"[""HD""]",2020,True,villa-barton,"('villa-barton', '2020-10-20')"
villa-barton2021-01-2250,2021-01-22,50,200.00,980.000,0.019,1.400,0.0,1,1,90,"[""PRCS"",""HD""]",2020,True,villa-barton,"('villa-barton', '2021-01-22')"
vira-gambarogno2020-05-2692,2020-05-26,92,138.00,10.000,0.001,1.470,0.0,1,0,105,"[""HD""]",2020,True,vira-gambarogno,"('vira-gambarogno', '2020-05-26')"
vira-gambarogno2020-08-2749,2020-08-27,49,228.00,5.000,0.000,21.000,0.0,1,0,100,"[""HD""]",2020,True,vira-gambarogno,"('vira-gambarogno', '2020-08-27')"
vira-gambarogno2020-11-2640,2020-11-26,40,180.00,10.000,0.020,0.020,0.0,1,0,90,"[""HD""]",2020,True,vira-gambarogno,"('vira-gambarogno', '2020-11-26')"
vira-spiaggia-left-of-river2020-05-2623,2020-05-26,23,168.00,115.000,0.000,0.145,0.0,1,0,90,"[""HD""]",2020,True,vira-spiaggia-left-of-river,"('vira-spiaggia-left-of-river', '2020-05-26')"
walensee_walenstadt_wysse2020-03-1753,2020-03-17,53,563.00,150.000,0.025,0.175,0.0,2,0,200,"[""HD""]",2020,True,walensee_walenstadt_wysse,"('walensee_walenstadt_wysse', '2020-03-17')"
walensee_walenstadt_wysse2020-04-2154,2020-04-21,54,277.00,450.000,0.100,0.600,0.0,1,0,150,"[""HD""]",2020,True,walensee_walenstadt_wysse,"('walensee_walenstadt_wysse', '2020-04-21')"
walensee_walenstadt_wysse2020-05-1950,2020-05-19,50,403.00,125.000,0.200,0.450,0.0,1,0,250,"[""HD""]",2020,True,walensee_walenstadt_wysse,"('walensee_walenstadt_wysse', '2020-05-19')"
walensee_walenstadt_wysse2020-06-1825,2020-06-18,25,178.00,410.000,1.128,0.510,0.0,1,1,240,"[""HD""]",2020,True,walensee_walenstadt_wysse,"('walensee_walenstadt_wysse', '2020-06-18')"
walensee_walenstadt_wysse2020-07-1939,2020-07-19,39,94.00,494.000,0.020,0.495,0.0,1,0,150,"[""HD""]",2020,True,walensee_walenstadt_wysse,"('walensee_walenstadt_wysse', '2020-07-19')"
walensee_walenstadt_wysse2020-08-2051,2020-08-20,51,400.00,205.000,0.001,0.255,0.0,1,0,180,"[""HD""]",2020,True,walensee_walenstadt_wysse,"('walensee_walenstadt_wysse', '2020-08-20')"
walensee_walenstadt_wysse2020-09-23133,2020-09-23,133,308.00,300.000,0.218,0.910,0.0,1,0,210,"[""HD""]",2020,True,walensee_walenstadt_wysse,"('walensee_walenstadt_wysse', '2020-09-23')"
walensee_walenstadt_wysse2020-10-23143,2020-10-23,143,634.00,2000.000,0.001,2.300,0.0,1,0,280,"[""HD""]",2020,True,walensee_walenstadt_wysse,"('walensee_walenstadt_wysse', '2020-10-23')"
walensee_walenstadt_wysse2020-11-2238,2020-11-22,38,722.00,375.000,0.000,0.460,0.0,1,0,100,"[""HD"",""PRCS""]",2020,True,walensee_walenstadt_wysse,"('walensee_walenstadt_wysse', '2020-11-22')"
walensee_walenstadt_wysse2020-12-2263,2020-12-22,63,878.00,30.000,0.000,0.060,0.0,1,0,150,"[""HD""]",2020,True,walensee_walenstadt_wysse,"('walensee_walenstadt_wysse', '2020-12-22')"
walensee_walenstadt_wysse2021-01-2075,2021-01-20,75,149.00,89.000,0.005,0.090,0.0,1,0,90,"[""HD""]",2020,True,walensee_walenstadt_wysse,"('walensee_walenstadt_wysse', '2021-01-20')"
weissenau-neuhaus2020-05-0850,2020-05-08,50,200.00,100.000,0.023,0.150,0.0,1,0,160,"[""HD""]",2020,True,weissenau-neuhaus,"('weissenau-neuhaus', '2020-05-08')"
weissenau-neuhaus2020-06-0899,2020-06-08,99,218.00,135.000,0.016,0.285,0.0,1,0,170,"[""HD""]",2020,True,weissenau-neuhaus,"('weissenau-neuhaus', '2020-06-08')"
weissenau-neuhaus2020-07-0838,2020-07-08,38,133.00,70.000,0.001,0.185,0.0,1,0,120,"[""HD""]",2020,True,weissenau-neuhaus,"('weissenau-neuhaus', '2020-07-08')"
weissenau-neuhaus2020-08-1086,2020-08-10,86,352.00,130.000,0.000,0.485,0.0,1,0,160,"[""HD""]",2020,True,weissenau-neuhaus,"('weissenau-neuhaus', '2020-08-10')"
weissenau-neuhaus2020-09-07106,2020-09-07,106,425.00,295.000,0.119,0.355,0.0,1,0,165,"[""HD""]",2020,True,weissenau-neuhaus,"('weissenau-neuhaus', '2020-09-07')"
weissenau-neuhaus2020-10-09122,2020-10-09,122,368.00,75.000,0.015,0.145,0.0,1,0,130,"[""HD""]",2020,True,weissenau-neuhaus,"('weissenau-neuhaus', '2020-10-09')"
weissenau-neuhaus2020-11-0676,2020-11-06,76,304.00,48.000,0.000,0.050,0.0,1,0,150,"[""HD""]",2020,True,weissenau-neuhaus,"('weissenau-neuhaus', '2020-11-06')"
weissenau-neuhaus2020-12-08101,2020-12-08,101,475.00,50.000,0.000,0.080,0.0,1,0,80,"[""HD""]",2020,True,weissenau-neuhaus,"('weissenau-neuhaus', '2020-12-08')"
weissenau-neuhaus2021-01-08124,2021-01-08,124,430.00,160.000,0.109,270.000,0.0,1,0,215,"[""HD""]",2020,True,weissenau-neuhaus,"('weissenau-neuhaus', '2021-01-08')"
wycheley2020-09-0718,2020-09-07,18,44.00,0.120,0.000,0.125,0.0,1,0,90,"[""HD""]",2020,True,wycheley,"('wycheley', '2020-09-07')"
wycheley2020-11-0762,2020-11-07,62,372.00,1077.000,160.000,1.100,1.0,1,0,180,"[""HD""]",2020,True,wycheley,"('wycheley', '2020-11-07')"
zuerichsee_richterswil_benkoem_22020-04-2128,2020-04-21,28,70.00,250.000,0.000,0.280,0.0,1,0,90,"[""HD""]",2020,True,zuerichsee_richterswil_benkoem_2,"('zuerichsee_richterswil_benkoem_2', '2020-04-21')"
zuerichsee_richterswil_benkoem_22020-05-1825,2020-05-18,25,63.00,0.055,0.100,0.150,0.0,1,0,100,"[""HD""]",2020,True,zuerichsee_richterswil_benkoem_2,"('zuerichsee_richterswil_benkoem_2', '2020-05-18')"
zuerichsee_richterswil_benkoem_22020-06-2340,2020-06-23,40,76.00,12.000,0.000,0.175,0.0,1,0,80,"[""HD""]",2020,True,zuerichsee_richterswil_benkoem_2,"('zuerichsee_richterswil_benkoem_2', '2020-06-23')"
zuerichsee_richterswil_benkoem_22020-07-2335,2020-07-23,35,67.00,9.000,0.075,0.340,0.0,1,0,115,"[""HD""]",2020,True,zuerichsee_richterswil_benkoem_2,"('zuerichsee_richterswil_benkoem_2', '2020-07-23')"
zuerichsee_richterswil_benkoem_22020-08-2535,2020-08-25,35,49.00,120.000,0.000,0.125,0.0,1,0,105,"[""HD""]",2020,True,zuerichsee_richterswil_benkoem_2,"('zuerichsee_richterswil_benkoem_2', '2020-08-25')"
zuerichsee_richterswil_benkoem_22020-09-2439,2020-09-24,39,57.00,2.000,0.000,0.105,0.0,1,0,65,"[""HD""]",2020,True,zuerichsee_richterswil_benkoem_2,"('zuerichsee_richterswil_benkoem_2', '2020-09-24')"
zuerichsee_richterswil_benkoem_22020-10-2636,2020-10-26,36,56.00,1.000,0.000,0.001,0.0,1,0,80,"[""HD""]",2020,True,zuerichsee_richterswil_benkoem_2,"('zuerichsee_richterswil_benkoem_2', '2020-10-26')"
zuerichsee_richterswil_benkoem_22020-12-1737,2020-12-17,37,134.00,5.000,0.000,0.080,0.0,1,1,45,"[""HD""]",2020,True,zuerichsee_richterswil_benkoem_2,"('zuerichsee_richterswil_benkoem_2', '2020-12-17')"
zuerichsee_richterswil_benkoem_22021-01-21100,2021-01-21,100,100.00,40.000,0.000,0.710,0.0,1,0,60,"[""HD""]",2020,True,zuerichsee_richterswil_benkoem_2,"('zuerichsee_richterswil_benkoem_2', '2021-01-21')"
zuerichsee_staefa_hennm2020-12-1711,2020-12-17,11,39.00,5.000,0.000,0.105,0.0,1,0,55,"[""HD""]",2020,True,zuerichsee_staefa_hennm,"('zuerichsee_staefa_hennm', '2020-12-17')"
zuerichsee_waedenswil_colomboc_12020-11-2130,2020-11-21,30,45.00,96.000,0.000,0.100,0.0,1,0,65,"[""PRCS""]",2020,True,zuerichsee_waedenswil_colomboc_1,"('zuerichsee_waedenswil_colomboc_1', '2020-11-21')"
zugerseecholler_cham_blarerm2020-11-2936,2020-11-29,36,180.00,100.000,0.000,0.300,0.3,1,1,60,"[""HD""]",2020,True,zugerseecholler_cham_blarerm,"('zugerseecholler_cham_blarerm', '2020-11-29')"
zurcher-strand2020-09-1124,2020-09-11,24,40.00,405.000,0.033,0.840,0.0,1,0,300,"[""HD""]",2020,True,zurcher-strand,"('zurcher-strand', '2020-09-11')"
zurcher-strand2021-01-1033,2021-01-10,33,66.00,70.000,0.000,0.250,0.0,1,1,95,"[""HD""]",2020,True,zurcher-strand,"('zurcher-strand', '2021-01-10')"
zurichsee_kusnachterhorn_thirkell-whitej2020-03-2020,2020-03-20,20,70.00,25.000,0.120,0.750,0.0,1,0,150,"[""HD""]",2020,True,zurichsee_kusnachterhorn_thirkell-whitej,"('zurichsee_kusnachterhorn_thirkell-whitej', '2020-03-20')"
zurichsee_kusnachterhorn_thirkell-whitej2020-03-2039,2020-03-20,39,57.00,25.000,0.120,0.750,0.0,1,0,150,"[""HD""]",2020,True,zurichsee_kusnachterhorn_thirkell-whitej,"('zurichsee_kusnachterhorn_thirkell-whitej', '2020-03-20')"
zurichsee_kusnachterhorn_thirkell-whitej2020-04-2230,2020-04-22,30,60.00,80.000,0.000,0.200,0.0,1,0,60,"[""HD""]",2020,True,zurichsee_kusnachterhorn_thirkell-whitej,"('zurichsee_kusnachterhorn_thirkell-whitej', '2020-04-22')"
zurichsee_kusnachterhorn_thirkell-whitej2020-05-2237,2020-05-22,37,113.00,0.060,0.012,0.125,0.0,1,0,90,"[""HD""]",2020,True,zurichsee_kusnachterhorn_thirkell-whitej,"('zurichsee_kusnachterhorn_thirkell-whitej', '2020-05-22')"
zurichsee_kusnachterhorn_thirkell-whitej2020-06-2330,2020-06-23,30,40.00,1.000,0.000,0.059,0.0,1,0,80,"[""HD""]",2020,True,zurichsee_kusnachterhorn_thirkell-whitej,"('zurichsee_kusnachterhorn_thirkell-whitej', '2020-06-23')"
zurichsee_kusnachterhorn_thirkell-whitej2020-07-2326,2020-07-23,26,56.00,1.000,0.416,0.100,0.0,1,0,120,"[""HD""]",2020,True,zurichsee_kusnachterhorn_thirkell-whitej,"('zurichsee_kusnachterhorn_thirkell-whitej', '2020-07-23')"
zurichsee_kusnachterhorn_thirkell-whitej2020-08-2519,2020-08-25,19,40.00,5.000,0.170,0.050,0.0,1,0,100,"[""HD""]",2020,True,zurichsee_kusnachterhorn_thirkell-whitej,"('zurichsee_kusnachterhorn_thirkell-whitej', '2020-08-25')"
zurichsee_kusnachterhorn_thirkell-whitej2020-09-1829,2020-09-18,29,45.00,60.000,0.059,0.375,0.0,1,0,100,"[""HD""]",2020,True,zurichsee_kusnachterhorn_thirkell-whitej,"('zurichsee_kusnachterhorn_thirkell-whitej', '2020-09-18')"
zurichsee_kusnachterhorn_thirkell-whitej2020-10-2639,2020-10-26,39,60.00,140.000,0.000,0.620,0.0,1,0,90,"[""HD""]",2020,True,zurichsee_kusnachterhorn_thirkell-whitej,"('zurichsee_kusnachterhorn_thirkell-whitej', '2020-10-26')"
zurichsee_kusnachterhorn_thirkell-whitej2020-11-2145,2020-11-21,45,66.00,1.000,0.000,0.239,0.0,1,0,75,"[""HD""]",2020,True,zurichsee_kusnachterhorn_thirkell-whitej,"('zurichsee_kusnachterhorn_thirkell-whitej', '2020-11-21')"
zurichsee_kusnachterhorn_thirkell-whitej2020-12-2252,2020-12-22,52,110.00,457.000,0.000,0.540,0.0,1,0,85,"[""HD""]",2020,True,zurichsee_kusnachterhorn_thirkell-whitej,"('zurichsee_kusnachterhorn_thirkell-whitej', '2020-12-22')"
zurichsee_kusnachterhorn_thirkell-whitej2021-01-2417,2021-01-24,17,45.00,60.000,0.000,0.440,0.0,1,1,90,"[""HD""]",2020,True,zurichsee_kusnachterhorn_thirkell-whitej,"('zurichsee_kusnachterhorn_thirkell-whitej', '2021-01-24')"
zurichsee_wollishofen_langendorfm2020-03-1165,2020-03-11,65,384.00,100.000,0.000,0.500,0.0,1,0,150,"[""HD""]",2020,True,zurichsee_wollishofen_langendorfm,"('zurichsee_wollishofen_langendorfm', '2020-03-11')"
zurichsee_wollishofen_langendorfm2020-04-1843,2020-04-18,43,262.00,450.000,0.001,0.600,0.0,1,0,135,"[""HD""]",2020,True,zurichsee_wollishofen_langendorfm,"('zurichsee_wollishofen_langendorfm', '2020-04-18')"
zurichsee_wollishofen_langendorfm2020-05-1254,2020-05-12,54,350.00,100.000,0.000,0.334,0.0,1,0,135,"[""HD""]",2020,True,zurichsee_wollishofen_langendorfm,"('zurichsee_wollishofen_langendorfm', '2020-05-12')"
zurichsee_wollishofen_langendorfm2020-06-1267,2020-06-12,67,322.00,125.000,0.000,0.190,0.0,1,0,120,"[""HD""]",2020,True,zurichsee_wollishofen_langendorfm,"('zurichsee_wollishofen_langendorfm', '2020-06-12')"
zurichsee_wollishofen_langendorfm2020-07-1365,2020-07-13,65,309.00,80.000,0.000,0.140,0.0,1,0,90,"[""HD""]",2020,True,zurichsee_wollishofen_langendorfm,"('zurichsee_wollishofen_langendorfm', '2020-07-13')"
zurichsee_wollishofen_langendorfm2020-08-1360,2020-08-13,60,298.00,60.000,0.000,0.225,0.0,1,0,110,"[""HD""]",2020,True,zurichsee_wollishofen_langendorfm,"('zurichsee_wollishofen_langendorfm', '2020-08-13')"
zurichsee_wollishofen_langendorfm2020-09-1170,2020-09-11,70,379.00,200.000,0.000,0.260,0.0,1,0,130,"[""HD""]",2020,True,zurichsee_wollishofen_langendorfm,"('zurichsee_wollishofen_langendorfm', '2020-09-11')"
zurichsee_wollishofen_langendorfm2020-10-1366,2020-10-13,66,312.00,70.000,0.000,0.075,0.0,1,0,90,"[""HD""]",2020,True,zurichsee_wollishofen_langendorfm,"('zurichsee_wollishofen_langendorfm', '2020-10-13')"
zurichsee_wollishofen_langendorfm2020-12-1068,2020-12-10,68,340.00,80.000,0.000,0.160,0.0,1,1,55,"[""HD""]",2020,True,zurichsee_wollishofen_langendorfm,"('zurichsee_wollishofen_langendorfm', '2020-12-10')"
zurichsee_wollishofen_langendorfm2021-01-1042,2021-01-10,42,231.00,30.000,0.000,0.210,0.0,1,1,50,"[""HD""]",2020,True,zurichsee_wollishofen_langendorfm,"('zurichsee_wollishofen_langendorfm', '2021-01-10')"
