UUID,DATUM_AEND,DATUM_ERST,ERSTELL_J,ERSTELL_M,REVISION_J,REVISION_M,GRUND_AEND,HERKUNFT,HERKUNFT_J,HERKUNFT_M,OBJEKTART,REVISION_Q,BAU_NAME_U,NAME,NUTZUNG,OBJECTID,UUID_2,DATUM_AE_1,DATUM_ER_1,HERKUNFT_2,HERKUNFT_1,OBJEKTART_,BFS_NUMMER,BEZIRKSNUM,KANTONSNUM,NAME_2,GEM_TEIL,GEM_FLAECH,SEE_FLAECH,ICC,SHN,EINWOHNERZ,landesgebe,landesge_1,landesge_2,landesge_3,landesge_4,landesge_5,landesge_6,landesge_7,landesge_8,neighbs,layer,path,slug,area
{2E22F8CC-4132-4A32-B2F6-AAD85B9FBA01},2019/09/19,2011/04/06,2010,4,2018,6,verbessert,swisstopo,2018,6,Gebaeude,2017_Aufbau,{779E9AEE-0705-4C72-BDB9-01F36D58BD24},Stadion Lachen,Stadion,10594,4C55938D-8EA5-4FD1-BF67-742644B595BB,2019/12/04,2009/03/25,TLM,2019,Gemeindegebiet,942,CH02470000,CH02000000,Thun,0,2157.000000000000000,-29998.000000000000000,CH,CH02470942,43568,17,ABC10C09-F0B8-4218-AC02-E7587EA24846,2013/07/15,Land,CH,41291.739999999997963,Schweiz#Suisse#Svizzera#Svizra,8544527,41291737423.214187622070312,"942, 768,",thun_communes,/home/mwshovel/dev/analyst/jan12/munis/thun_communes.shp|layername=thun_communes,thun-strandbad,25512.136
{4F801D6E-FD3F-4F9C-B734-4C37DD9A079F},2014/12/05,2011/04/07,2010,4,2016,6,verbessert,swisstopo,2013,6,Gebaeude,2017_Aufbau,,,,11456,BD347AFF-88E1-477B-8C0A-8951A12A989D,2019/11/18,2009/03/25,TLM,2019,Gemeindegebiet,939,CH02470000,CH02000000,Steffisburg,0,1481.000000000000000,-29998.000000000000000,CH,CH02470939,15959,17,ABC10C09-F0B8-4218-AC02-E7587EA24846,2013/07/15,Land,CH,41291.739999999997963,Schweiz#Suisse#Svizzera#Svizra,8544527,41291737423.214187622070312,"939, 925,",aare_communes,/home/mwshovel/dev/analyst/jan12/munis/aare_communes.shp|layername=aare_communes,zulg_steffisburg_schmassmanne,81660.903
{B6BB51ED-FE29-4410-AF60-25948C87E48C},2013/10/10,2013/10/10,2011,6,2018,6,verbessert,swisstopo,2011,6,Hochkamin,2018_Aufbau,,,,14083,EF73C828-39BD-4357-8B2C-B5E388828D79,2019/12/04,2009/03/25,TLM,2019,Gemeindegebiet,2554,CH11070000,CH11000000,Riedholz,0,715.000000000000000,-29998.000000000000000,CH,CH11072554,2296,17,ABC10C09-F0B8-4218-AC02-E7587EA24846,2013/07/15,Land,CH,41291.739999999997963,Schweiz#Suisse#Svizzera#Svizra,8544527,41291737423.214187622070312,"2554, 2541",aare_communes,/home/mwshovel/dev/analyst/jan12/munis/aare_communes.shp|layername=aare_communes,spackmatt,91652.576
{AAFC8F35-499B-4119-A2CE-0BB87FE5F0B9},2016/01/15,2016/01/15,2016,1,2016,1,verbessert,3D-GebCH_T2015,2015,6,Gebaeude,2016_Aufbau,,,,11258,CBB0995E-73FB-48AD-A9E4-14C75F740FCE,2019/12/04,2009/03/25,TLM,2019,Gemeindegebiet,6621,N/A,CH25000000,Genève,0,1830.000000000000000,237.000000000000000,CH,CH25006621,198979,17,ABC10C09-F0B8-4218-AC02-E7587EA24846,2013/07/15,Land,CH,41291.739999999997963,Schweiz#Suisse#Svizzera#Svizra,8544527,41291737423.214187622070312,"6621, 6643",leman_communes,/home/mwshovel/dev/analyst/jan12/munis/leman_communes.shp|layername=leman_communes,rocky-plage,23169.716
{79854B67-7B02-42B1-ABA5-A83F05D2005E},2017/03/24,2009/02/19,2004,6,2016,6,verbessert,swisstopo,2016,6,Gebaeude,2017_Aufbau,,,,16829,08136E72-33F8-4863-AE5A-18A3917F117F,2019/12/04,2009/03/25,TLM,2019,Gemeindegebiet,5890,CH22300000,CH22000000,Vevey,0,241.000000000000000,1.000000000000000,CH,CH22305890,19780,17,ABC10C09-F0B8-4218-AC02-E7587EA24846,2013/07/15,Land,CH,41291.739999999997963,Schweiz#Suisse#Svizzera#Svizra,8544527,41291737423.214187622070312,"5890, 5883",leman_communes,/home/mwshovel/dev/analyst/jan12/munis/leman_communes.shp|layername=leman_communes,arabie,101150.896
{B6945B23-9ECC-401B-A663-8BA3C19BE88E},2016/01/15,2016/01/15,2016,1,2016,1,verbessert,3D-GebCH_T2015,2015,6,Gebaeude,2016_Aufbau,,,,11258,CBB0995E-73FB-48AD-A9E4-14C75F740FCE,2019/12/04,2009/03/25,TLM,2019,Gemeindegebiet,6621,N/A,CH25000000,Genève,0,1830.000000000000000,237.000000000000000,CH,CH25006621,198979,17,ABC10C09-F0B8-4218-AC02-E7587EA24846,2013/07/15,Land,CH,41291.739999999997963,Schweiz#Suisse#Svizzera#Svizra,8544527,41291737423.214187622070312,"6621, 6643",leman_communes,/home/mwshovel/dev/analyst/jan12/munis/leman_communes.shp|layername=leman_communes,villa-barton,65087.897
{9D7A9CA3-97CC-4E61-A3F1-F079F214DBF6},2015/08/19,2015/08/19,2015,8,2015,8,verbessert,3D-GebCH_T2015,2014,6,Gebaeude,2015_Aufbau,,,,8976,64DE9F95-2913-4C78-9DA0-876BC8363F40,2019/12/04,2011/04/12,TLM,2019,Gemeindegebiet,1630,N/A,CH08000000,Glarus Nord,0,15161.000000000000000,461.000000000000000,CH,CH08001630,18057,17,ABC10C09-F0B8-4218-AC02-E7587EA24846,2013/07/15,Land,CH,41291.739999999997963,Schweiz#Suisse#Svizzera#Svizra,8544527,41291737423.214187622070312,"1630, 1632",walensee_communes,/home/mwshovel/dev/analyst/jan12/munis/walensee_communes.shp|layername=walensee_communes,seeflechsen,905.461
{8F827FCC-D45E-4E05-86E3-4C8D7BB0136D},2014/05/15,2010/05/06,2009,6,2015,6,verbessert,swisstopo,2012,6,Gebaeude,2016_Aufbau,,,,17061,22DB7367-4597-4493-A23F-3165339B2741,2019/12/04,2009/03/25,TLM,2019,Gemeindegebiet,5643,CH22270000,CH22000000,Préverenges,0,187.000000000000000,-29998.000000000000000,CH,CH22275643,5292,17,ABC10C09-F0B8-4218-AC02-E7587EA24846,2013/07/15,Land,CH,41291.739999999997963,Schweiz#Suisse#Svizzera#Svizra,8544527,41291737423.214187622070312,"5643, 5648",leman_communes,/home/mwshovel/dev/analyst/jan12/munis/leman_communes.shp|layername=leman_communes,preverenges,44317.143
{8C708B86-ED7A-49AD-AC00-3341F0E522B9},2015/01/13,2011/01/31,2010,3,2016,6,verbessert,swisstopo,2013,6,Gebaeude,2016_Aufbau,,,,9395,C9307603-09CE-44B9-ADFB-DDD371298073,2019/12/04,2009/03/25,TLM,2019,Gemeindegebiet,351,CH02460000,CH02000000,Bern,0,5162.000000000000000,-29998.000000000000000,CH,CH02460351,133115,17,ABC10C09-F0B8-4218-AC02-E7587EA24846,2013/07/15,Land,CH,41291.739999999997963,Schweiz#Suisse#Svizzera#Svizra,8544527,41291737423.214187622070312,"351, 355,",aare_communes,/home/mwshovel/dev/analyst/jan12/munis/aare_communes.shp|layername=aare_communes,bern-fahrstrasse,59939.748
{B9219EC5-DB12-4CF8-9871-76EE8A67E32B},2016/01/05,2016/01/05,2016,1,2016,1,verbessert,3D-GebCH_T2015,2015,6,Gebaeude,2016_Aufbau,,,,17155,528F2CAC-AF51-4AD4-B6AD-80992BFCC8E4,2019/12/04,2009/03/25,TLM,2019,Gemeindegebiet,5649,CH22270000,CH22000000,Tolochenaz,0,159.000000000000000,-29998.000000000000000,CH,CH22275649,1866,17,ABC10C09-F0B8-4218-AC02-E7587EA24846,2013/07/15,Land,CH,41291.739999999997963,Schweiz#Suisse#Svizzera#Svizra,8544527,41291737423.214187622070312,"5649, 5628",leman_communes,/home/mwshovel/dev/analyst/jan12/munis/leman_communes.shp|layername=leman_communes,boiron,1956.325
{30E22804-217C-4FCF-BC7F-76AFB771A8F3},2018/03/08,2014/06/27,2013,6,2016,6,verbessert,swisstopo,2016,6,Gebaeude,1412_Aufbau,,,,9112,4631EE61-8202-4217-A0F1-CC8AFEE13211,2019/12/04,2009/03/25,TLM,2019,Gemeindegebiet,261,CH01120000,CH01000000,Zürich,0,9188.000000000000000,395.000000000000000,CH,CH01120261,402762,17,ABC10C09-F0B8-4218-AC02-E7587EA24846,2013/07/15,Land,CH,41291.739999999997963,Schweiz#Suisse#Svizzera#Svizra,8544527,41291737423.214187622070312,"261, 9051,",zurichsee_communes,/home/mwshovel/dev/analyst/jan12/munis/zurichsee_communes.shp|layername=zurichsee_communes,sihl_zurich_himmelhebern,48077.058
{D50CEFAF-D0B1-4284-B42C-E9A53C7BF5B3},2014/12/09,2011/06/09,2010,4,2016,6,verbessert,swisstopo,2013,6,Gebaeude,2017_Aufbau,,,,16312,DA126FF2-9194-49CB-AB4C-3AC2D69DCDFA,2019/12/04,2009/03/25,TLM,2019,Gemeindegebiet,5889,CH22300000,CH22000000,La Tour-de-Peilz,0,328.000000000000000,2.000000000000000,CH,CH22305889,11652,17,ABC10C09-F0B8-4218-AC02-E7587EA24846,2013/07/15,Land,CH,41291.739999999997963,Schweiz#Suisse#Svizzera#Svizra,8544527,41291737423.214187622070312,"5889, 5890",leman_communes,/home/mwshovel/dev/analyst/jan12/munis/leman_communes.shp|layername=leman_communes,anarchy-beach,25389.234
{5F088DA5-23D2-41F5-BB35-60420B00AAAD},2014/03/21,2011/04/01,2010,3,2016,6,verbessert,swisstopo,2013,6,Gebaeude,2016_Aufbau,,,,11269,EB6B314C-EC63-4D8A-9EE1-92A38652E18A,2019/12/04,2009/03/25,TLM,2019,Gemeindegebiet,5456,CH22220000,CH22000000,Cudrefin,0,1554.000000000000000,3.000000000000000,CH,CH22225456,1557,17,ABC10C09-F0B8-4218-AC02-E7587EA24846,2013/07/15,Land,CH,41291.739999999997963,Schweiz#Suisse#Svizzera#Svizra,8544527,41291737423.214187622070312,"5456, 495,",neuch_communes,/home/mwshovel/dev/analyst/jan12/munis/neuch_communes.shp|layername=neuch_communes,impromptu_cudrefin,12682.072
{B04C4037-15B9-4F3C-8D31-242B96998B12},2016/07/19,2008/03/19,2002,6,2015,6,verbessert,swisstopo,2015,6,Gebaeude,2015_Aufbau,,,,9337,2DBD8EC0-1A10-4309-A724-D495FE8A0120,2019/12/04,2009/03/25,TLM,2019,Gemeindegebiet,3295,CH17250000,CH17000000,Quarten,1,7321.000000000000000,1145.000000000000000,CH,CH17253295,2873,17,ABC10C09-F0B8-4218-AC02-E7587EA24846,2013/07/15,Land,CH,41291.739999999997963,Schweiz#Suisse#Svizzera#Svizra,8544527,41291737423.214187622070312,"3295, 3298",walensee_communes,/home/mwshovel/dev/analyst/jan12/munis/walensee_communes.shp|layername=walensee_communes,murg-bad,33451.745
{5F3DE279-EC69-4894-BFB4-A9E36579EC6A},2014/05/19,2011/06/06,2009,6,2015,6,verbessert,swisstopo,2012,6,Treibhaus,2016_Aufbau,,,,17155,528F2CAC-AF51-4AD4-B6AD-80992BFCC8E4,2019/12/04,2009/03/25,TLM,2019,Gemeindegebiet,5649,CH22270000,CH22000000,Tolochenaz,0,159.000000000000000,-29998.000000000000000,CH,CH22275649,1866,17,ABC10C09-F0B8-4218-AC02-E7587EA24846,2013/07/15,Land,CH,41291.739999999997963,Schweiz#Suisse#Svizzera#Svizra,8544527,41291737423.214187622070312,"5649, 5628",leman_communes,/home/mwshovel/dev/analyst/jan12/munis/leman_communes.shp|layername=leman_communes,tolochenaz,53977.326
{04D08B78-FEE7-4020-A7E8-095D51C3DAC5},2016/02/05,2011/06/06,2009,6,2015,6,verbessert,swisstopo,2015,6,Gebaeude,2016_Aufbau,,,,9710,F8FB8691-B43E-4A70-8CD1-1BE2B3560A54,2019/12/04,2009/03/25,TLM,2019,Gemeindegebiet,5586,CH22250000,CH22000000,Lausanne,1,4147.000000000000000,9.000000000000000,CH,CH22255586,137810,17,ABC10C09-F0B8-4218-AC02-E7587EA24846,2013/07/15,Land,CH,41291.739999999997963,Schweiz#Suisse#Svizzera#Svizra,8544527,41291737423.214187622070312,"5586, 5611",leman_communes,/home/mwshovel/dev/analyst/jan12/munis/leman_communes.shp|layername=leman_communes,vidy,22280.011
{36C4E03E-26AF-4102-BF15-63D0F725326D},2018/09/26,2013/09/19,2010,6,2016,6,verbessert,swisstopo,2016,6,Gebaeude,1412_Aufbau,,,,15882,2FA16F05-DCDC-43AC-8075-3306EAFB3F7F,2019/12/04,2009/03/25,TLM,2019,Gemeindegebiet,3338,CH17260000,CH17000000,Schmerikon,0,598.000000000000000,184.000000000000000,CH,CH17263338,3738,17,ABC10C09-F0B8-4218-AC02-E7587EA24846,2013/07/15,Land,CH,41291.739999999997963,Schweiz#Suisse#Svizzera#Svizra,8544527,41291737423.214187622070312,3338,zurichsee_communes,/home/mwshovel/dev/analyst/jan12/munis/zurichsee_communes.shp|layername=zurichsee_communes,schmerikon-bahnhof-strand,74313.153
{3C8842A5-AC31-4E87-93C2-2F75A94C326A},2013/08/16,2013/08/16,2013,6,2013,6,verbessert,swisstopo,2013,6,Hochkamin,1412_Aufbau,,,,13543,0C7346F0-9DC9-4693-A560-BA4EEDC1BF20,2019/12/04,2009/03/25,TLM,2019,Gemeindegebiet,4044,CH19020000,CH19000000,Untersiggenthal,0,828.000000000000000,-29998.000000000000000,CH,CH19024044,7224,17,ABC10C09-F0B8-4218-AC02-E7587EA24846,2013/07/15,Land,CH,41291.739999999997963,Schweiz#Suisse#Svizzera#Svizra,8544527,41291737423.214187622070312,"4044, 4029",aare_communes,/home/mwshovel/dev/analyst/jan12/munis/aare_communes.shp|layername=aare_communes,aare-limmatspitz,45474.523
{BC56EF33-B0DA-48BA-95BA-6B89D66DFB33},2018/02/13,2014/06/27,2013,6,2016,6,verbessert,swisstopo,2016,6,Gebaeude,1412_Aufbau,,,,9112,4631EE61-8202-4217-A0F1-CC8AFEE13211,2019/12/04,2009/03/25,TLM,2019,Gemeindegebiet,261,CH01120000,CH01000000,Zürich,0,9188.000000000000000,395.000000000000000,CH,CH01120261,402762,17,ABC10C09-F0B8-4218-AC02-E7587EA24846,2013/07/15,Land,CH,41291.739999999997963,Schweiz#Suisse#Svizzera#Svizra,8544527,41291737423.214187622070312,"261, 9051,",zurichsee_communes,/home/mwshovel/dev/analyst/jan12/munis/zurichsee_communes.shp|layername=zurichsee_communes,limmat_zuerich_jansena,92530.927
{81AA20A8-47C0-46EB-A2C2-DF47EA945A13},2016/09/14,2016/09/14,2016,9,2019,6,verbessert,3D-GebCH_T2016,2015,6,Gebaeude,2018_Aufbau,,,,15173,6CA1D458-32FE-42DE-A796-2B11CECD6086,2019/12/04,2009/03/25,TLM,2019,Gemeindegebiet,5091,CH21040000,CH21000000,Ascona,0,1216.000000000000000,721.000000000000000,CH,CH21045091,5515,17,ABC10C09-F0B8-4218-AC02-E7587EA24846,2013/07/15,Land,CH,41291.739999999997963,Schweiz#Suisse#Svizzera#Svizra,8544527,41291737423.214187622070312,"5091, 5125",maggio_communes,/home/mwshovel/dev/analyst/jan12/munis/maggio_communes.shp|layername=maggio_communes,bagno-pubblico-ascona,36519.417
{A4A1DBF4-7B8E-4028-94CD-9D2423F48E13},2014/12/09,2011/06/09,2010,4,2016,6,verbessert,swisstopo,2013,6,Gebaeude,2017_Aufbau,,,,9803,4393F97F-2AD4-4BB0-B180-0CCD9E7D34A4,2019/12/04,2009/03/25,TLM,2019,Gemeindegebiet,5886,CH22300000,CH22000000,Montreux,0,3345.000000000000000,4.000000000000000,CH,CH22305886,26629,17,ABC10C09-F0B8-4218-AC02-E7587EA24846,2013/07/15,Land,CH,41291.739999999997963,Schweiz#Suisse#Svizzera#Svizra,8544527,41291737423.214187622070312,"5886, 5881",leman_communes,/home/mwshovel/dev/analyst/jan12/munis/leman_communes.shp|layername=leman_communes,pierrier-sud,90692.622
{5B9CCEA0-1982-4D83-988E-484CCB0C04F2},2014/12/09,2011/06/10,2010,4,2016,6,verbessert,swisstopo,2013,6,Gebaeude,2017_Aufbau,,,,9803,4393F97F-2AD4-4BB0-B180-0CCD9E7D34A4,2019/12/04,2009/03/25,TLM,2019,Gemeindegebiet,5886,CH22300000,CH22000000,Montreux,0,3345.000000000000000,4.000000000000000,CH,CH22305886,26629,17,ABC10C09-F0B8-4218-AC02-E7587EA24846,2013/07/15,Land,CH,41291.739999999997963,Schweiz#Suisse#Svizzera#Svizra,8544527,41291737423.214187622070312,"5886, 5881",leman_communes,/home/mwshovel/dev/analyst/jan12/munis/leman_communes.shp|layername=leman_communes,baye-de-montreux-d,100644.199
{1CE87EF9-6E7E-4A9F-8BD4-5C8D344270FB},2014/05/26,2011/06/06,2009,6,2015,6,verbessert,swisstopo,2012,6,Gebaeude,2016_Aufbau,,,,9710,F8FB8691-B43E-4A70-8CD1-1BE2B3560A54,2019/12/04,2009/03/25,TLM,2019,Gemeindegebiet,5586,CH22250000,CH22000000,Lausanne,1,4147.000000000000000,9.000000000000000,CH,CH22255586,137810,17,ABC10C09-F0B8-4218-AC02-E7587EA24846,2013/07/15,Land,CH,41291.739999999997963,Schweiz#Suisse#Svizzera#Svizra,8544527,41291737423.214187622070312,"5586, 5611",leman_communes,/home/mwshovel/dev/analyst/jan12/munis/leman_communes.shp|layername=leman_communes,lacleman_vidy_santie,15883.628
{60255A69-18F5-47A2-8ACC-859D73BE6A75},2013/10/18,2013/10/18,2012,3,2019,6,verbessert,swisstopo,2012,3,Treibhaus,2018_Aufbau,,,,15173,6CA1D458-32FE-42DE-A796-2B11CECD6086,2019/12/04,2009/03/25,TLM,2019,Gemeindegebiet,5091,CH21040000,CH21000000,Ascona,0,1216.000000000000000,721.000000000000000,CH,CH21045091,5515,17,ABC10C09-F0B8-4218-AC02-E7587EA24846,2013/07/15,Land,CH,41291.739999999997963,Schweiz#Suisse#Svizzera#Svizra,8544527,41291737423.214187622070312,"5091, 5125",maggio_communes,/home/mwshovel/dev/analyst/jan12/munis/maggio_communes.shp|layername=maggio_communes,route-13,63788.742
{5F088DA5-23D2-41F5-BB35-60420B00AAAD},2014/03/21,2011/04/01,2010,3,2016,6,verbessert,swisstopo,2013,6,Gebaeude,2016_Aufbau,,,,11269,EB6B314C-EC63-4D8A-9EE1-92A38652E18A,2019/12/04,2009/03/25,TLM,2019,Gemeindegebiet,5456,CH22220000,CH22000000,Cudrefin,0,1554.000000000000000,3.000000000000000,CH,CH22225456,1557,17,ABC10C09-F0B8-4218-AC02-E7587EA24846,2013/07/15,Land,CH,41291.739999999997963,Schweiz#Suisse#Svizzera#Svizra,8544527,41291737423.214187622070312,"5456, 495,",neuch_communes,/home/mwshovel/dev/analyst/jan12/munis/neuch_communes.shp|layername=neuch_communes,cudrefin-alternate,15206.954
{14B4B91E-E34F-4351-99B6-2FB8B270C68B},2018/02/27,2014/06/27,2013,6,2016,6,verbessert,swisstopo,2016,6,Gebaeude,1412_Aufbau,,,,9112,4631EE61-8202-4217-A0F1-CC8AFEE13211,2019/12/04,2009/03/25,TLM,2019,Gemeindegebiet,261,CH01120000,CH01000000,Zürich,0,9188.000000000000000,395.000000000000000,CH,CH01120261,402762,17,ABC10C09-F0B8-4218-AC02-E7587EA24846,2013/07/15,Land,CH,41291.739999999997963,Schweiz#Suisse#Svizzera#Svizra,8544527,41291737423.214187622070312,"261, 9051,",zurichsee_communes,/home/mwshovel/dev/analyst/jan12/munis/zurichsee_communes.shp|layername=zurichsee_communes,sihl_leimbach_kruegerm,35436.128
{2BEDF81A-6960-47D2-A324-0BDDD08ED75E},2019/10/04,2011/05/04,2010,4,2018,6,verbessert,swisstopo,2018,6,Gebaeude,2017_Aufbau,,,,11117,944A2362-70A2-4FE2-96B9-786A16DD510F,2019/12/04,2009/03/25,TLM,2019,Gemeindegebiet,768,CH02490000,CH02000000,Spiez,0,1672.000000000000000,2.000000000000000,CH,CH02490768,12713,17,ABC10C09-F0B8-4218-AC02-E7587EA24846,2013/07/15,Land,CH,41291.739999999997963,Schweiz#Suisse#Svizzera#Svizra,8544527,41291737423.214187622070312,"768, 767,",thun_communes,/home/mwshovel/dev/analyst/jan12/munis/thun_communes.shp|layername=thun_communes,thunersee_spiez_meierd_1,9467.971
{5529B514-B2F6-42D0-8708-9AAC6CAE2251},2016/07/19,2009/02/19,2005,6,2018,6,verbessert,swisstopo,2015,6,Gebaeude,2018_Aufbau,,,,14976,E6DCBBD9-CE81-4166-9D40-0CA236600995,2019/12/04,2009/03/25,TLM,2019,Gemeindegebiet,497,CH02430000,CH02000000,Lüscherz,0,542.000000000000000,-29998.000000000000000,CH,CH02430497,530,17,ABC10C09-F0B8-4218-AC02-E7587EA24846,2013/07/15,Land,CH,41291.739999999997963,Schweiz#Suisse#Svizzera#Svizra,8544527,41291737423.214187622070312,"497, 499,",bielersee_communes,/home/mwshovel/dev/analyst/jan12/munis/bielersee_communes.shp|layername=bielersee_communes,luscherz-plage,41697.528
{FE6CE48A-0ABB-4F6F-8ABE-10C421EB40DD},2014/07/28,2014/07/22,2014,7,2013,6,verbessert,swisstopo,2013,6,Gebaeude,1412_Aufbau,,,,10493,0E97CAED-7E39-4B82-8C24-9635AB99237B,2019/12/04,2009/03/25,TLM,2019,Gemeindegebiet,3340,CH17260000,CH17000000,Rapperswil-Jona,0,3137.000000000000000,912.000000000000000,CH,CH17263340,26962,17,ABC10C09-F0B8-4218-AC02-E7587EA24846,2013/07/15,Land,CH,41291.739999999997963,Schweiz#Suisse#Svizzera#Svizra,8544527,41291737423.214187622070312,"3340, 153,",zurichsee_communes,/home/mwshovel/dev/analyst/jan12/munis/zurichsee_communes.shp|layername=zurichsee_communes,jona-river-rastplatz,5861.270
{9BF0FD75-D48E-4F9B-8EC4-3873F6C76343},2016/01/15,2016/01/15,2016,1,2016,1,verbessert,3D-GebCH_T2015,2015,6,Hochhaus,2016_Aufbau,,,,11258,CBB0995E-73FB-48AD-A9E4-14C75F740FCE,2019/12/04,2009/03/25,TLM,2019,Gemeindegebiet,6621,N/A,CH25000000,Genève,0,1830.000000000000000,237.000000000000000,CH,CH25006621,198979,17,ABC10C09-F0B8-4218-AC02-E7587EA24846,2013/07/15,Land,CH,41291.739999999997963,Schweiz#Suisse#Svizzera#Svizra,8544527,41291737423.214187622070312,"6621, 6643",leman_communes,/home/mwshovel/dev/analyst/jan12/munis/leman_communes.shp|layername=leman_communes,baby-plage-geneva,61393.305
{53CC0922-722E-47ED-9DD5-0A7B2688CF93},2016/05/26,2016/05/26,2016,5,2017,6,verbessert,3D-GebCH_T2016,2014,6,Gebaeude,2018_Aufbau,,,,11778,145E77C7-A45A-4417-BD33-93DA7910969F,2019/12/04,2009/03/25,TLM,2019,Gemeindegebiet,5938,CH22240000,CH22000000,Yverdon-les-Bains,0,1354.000000000000000,-29998.000000000000000,CH,CH22245938,29977,17,ABC10C09-F0B8-4218-AC02-E7587EA24846,2013/07/15,Land,CH,41291.739999999997963,Schweiz#Suisse#Svizzera#Svizra,8544527,41291737423.214187622070312,"5938, 5520",neuch_communes,/home/mwshovel/dev/analyst/jan12/munis/neuch_communes.shp|layername=neuch_communes,la-thiele_le-mujon_confluence,94929.525
{D5332746-A942-4772-8BA6-44D8D286C62B},2014/03/03,2014/03/03,2013,6,2017,6,verbessert,swisstopo,2013,6,Kapelle,2017_Aufbau,,,,11644,661614D0-C0D0-4CBA-B5CE-534884604DBF,2019/12/04,2009/03/25,TLM,2019,Gemeindegebiet,5406,CH22210000,CH22000000,Lavey-Morcles,0,1420.000000000000000,-29998.000000000000000,CH,CH22215406,926,17,ABC10C09-F0B8-4218-AC02-E7587EA24846,2013/07/15,Land,CH,41291.739999999997963,Schweiz#Suisse#Svizzera#Svizra,8544527,41291737423.214187622070312,"5406, 6211",rhone_communes,/home/mwshovel/dev/analyst/jan12/munis/rhone_communes.shp|layername=rhone_communes,lavey-la-source,8338.508
{42A2B5FF-FA74-4ECE-A52A-D70DB47404A8},2016/07/19,2009/02/19,2004,6,2016,6,verbessert,swisstopo,2015,6,Gebaeude,2017_Aufbau,,,,16312,DA126FF2-9194-49CB-AB4C-3AC2D69DCDFA,2019/12/04,2009/03/25,TLM,2019,Gemeindegebiet,5889,CH22300000,CH22000000,La Tour-de-Peilz,0,328.000000000000000,2.000000000000000,CH,CH22305889,11652,17,ABC10C09-F0B8-4218-AC02-E7587EA24846,2013/07/15,Land,CH,41291.739999999997963,Schweiz#Suisse#Svizzera#Svizra,8544527,41291737423.214187622070312,"5889, 5890",leman_communes,/home/mwshovel/dev/analyst/jan12/munis/leman_communes.shp|layername=leman_communes,maladaire,51229.478
{42A9B4C7-9AEA-4058-BDAF-823DDEAAD044},2014/10/27,2011/05/09,2010,4,2016,6,verbessert,swisstopo,2013,6,Gebaeude,2017_Aufbau,,,,16829,08136E72-33F8-4863-AE5A-18A3917F117F,2019/12/04,2009/03/25,TLM,2019,Gemeindegebiet,5890,CH22300000,CH22000000,Vevey,0,241.000000000000000,1.000000000000000,CH,CH22305890,19780,17,ABC10C09-F0B8-4218-AC02-E7587EA24846,2013/07/15,Land,CH,41291.739999999997963,Schweiz#Suisse#Svizzera#Svizra,8544527,41291737423.214187622070312,"5890, 5883",leman_communes,/home/mwshovel/dev/analyst/jan12/munis/leman_communes.shp|layername=leman_communes,veveyse,78361.596
{85EA5288-02D9-4293-B062-FBE1978622A2},2016/10/28,2014/02/25,2011,6,2018,6,verbessert,swisstopo,2014,6,Sakraler Turm,2018_Aufbau,,,,10628,01D52220-0A6C-4964-8C08-008064EA1A89,2019/12/04,2009/03/25,TLM,2019,Gemeindegebiet,371,CH02420000,CH02000000,Biel/Bienne,0,2121.000000000000000,2.000000000000000,CH,CH02420371,54456,17,ABC10C09-F0B8-4218-AC02-E7587EA24846,2013/07/15,Land,CH,41291.739999999997963,Schweiz#Suisse#Svizzera#Svizra,8544527,41291737423.214187622070312,"371, 449,",bielersee_communes,/home/mwshovel/dev/analyst/jan12/munis/bielersee_communes.shp|layername=bielersee_communes,schusspark-strand,155844.697
{F74492E8-4632-41FE-8C10-24224DFBBCFC},2015/08/19,2015/08/19,2015,8,2015,8,verbessert,3D-GebCH_T2015,2014,6,Gebaeude,2015_Aufbau,,,,8976,64DE9F95-2913-4C78-9DA0-876BC8363F40,2019/12/04,2011/04/12,TLM,2019,Gemeindegebiet,1630,N/A,CH08000000,Glarus Nord,0,15161.000000000000000,461.000000000000000,CH,CH08001630,18057,17,ABC10C09-F0B8-4218-AC02-E7587EA24846,2013/07/15,Land,CH,41291.739999999997963,Schweiz#Suisse#Svizzera#Svizra,8544527,41291737423.214187622070312,"1630, 1632",walensee_communes,/home/mwshovel/dev/analyst/jan12/munis/walensee_communes.shp|layername=walensee_communes,gasi-strand,556.289
{0A5E8C98-0A2A-472A-BDAC-35D8B0999098},2015/11/10,2013/08/05,2010,6,2014,6,verbessert,swisstopo,2010,6,Flugdach,1412_Aufbau,,,,12989,2ECE6714-C430-4EB5-B533-6E388655343D,2019/12/04,2009/03/25,TLM,2019,Gemeindegebiet,243,CH01110000,CH01000000,Dietikon,0,934.000000000000000,-29998.000000000000000,CH,CH01110243,27076,17,ABC10C09-F0B8-4218-AC02-E7587EA24846,2013/07/15,Land,CH,41291.739999999997963,Schweiz#Suisse#Svizzera#Svizra,8544527,41291737423.214187622070312,"243, 4040,",linth_limmat_communes,/home/mwshovel/dev/analyst/jan12/munis/linth_limmat_communes.shp|layername=linth_limmat_communes,limmat_dietikon_keiserp,81006.775
{45CA6554-8149-4594-AF57-B0207CC78C6B},2014/09/30,2011/04/07,2010,3,2016,6,verbessert,swisstopo,2013,6,Gebaeude,2016_Aufbau,,,,15071,B56A10B7-F86B-4ED2-AF4E-3595293AD784,2019/12/04,2009/03/25,TLM,2019,Gemeindegebiet,361,CH02460000,CH02000000,Zollikofen,0,539.000000000000000,-29998.000000000000000,CH,CH02460361,10235,17,ABC10C09-F0B8-4218-AC02-E7587EA24846,2013/07/15,Land,CH,41291.739999999997963,Schweiz#Suisse#Svizzera#Svizra,8544527,41291737423.214187622070312,"361, 362,",aare_communes,/home/mwshovel/dev/analyst/jan12/munis/aare_communes.shp|layername=aare_communes,aare_bern_gerberm,63088.112
{AB975588-A889-47C0-B4D2-E9B1BD1A3FFA},2014/03/24,2011/01/19,2010,3,2016,6,verbessert,swisstopo,2013,6,Gebaeude,2016_Aufbau,,,,11269,EB6B314C-EC63-4D8A-9EE1-92A38652E18A,2019/12/04,2009/03/25,TLM,2019,Gemeindegebiet,5456,CH22220000,CH22000000,Cudrefin,0,1554.000000000000000,3.000000000000000,CH,CH22225456,1557,17,ABC10C09-F0B8-4218-AC02-E7587EA24846,2013/07/15,Land,CH,41291.739999999997963,Schweiz#Suisse#Svizzera#Svizra,8544527,41291737423.214187622070312,"5456, 495,",neuch_communes,/home/mwshovel/dev/analyst/jan12/munis/neuch_communes.shp|layername=neuch_communes,neuenburgersee_cudrefin_mattera,23086.617
{6F813094-2FB1-4FAE-B46D-D2D72F2514AF},2016/01/05,2016/01/05,2016,1,2016,1,verbessert,3D-GebCH_T2015,2015,6,Gebaeude,2016_Aufbau,,,,13441,618889D5-FA20-4713-8B7B-09839C8965B6,2019/12/04,2009/03/25,TLM,2019,Gemeindegebiet,5721,CH22280000,CH22000000,Gland,0,832.000000000000000,-29998.000000000000000,CH,CH22285721,12997,17,ABC10C09-F0B8-4218-AC02-E7587EA24846,2013/07/15,Land,CH,41291.739999999997963,Schweiz#Suisse#Svizzera#Svizra,8544527,41291737423.214187622070312,"5721, 5725",leman_communes,/home/mwshovel/dev/analyst/jan12/munis/leman_communes.shp|layername=leman_communes,lacleman_gland_lecoanets,1886.033
{B07DF457-5FAE-455D-8B7C-B6DD188E5912},2015/01/13,2011/01/31,2010,3,2016,6,verbessert,swisstopo,2013,6,Offenes Gebaeude,2016_Aufbau,,,,9395,C9307603-09CE-44B9-ADFB-DDD371298073,2019/12/04,2009/03/25,TLM,2019,Gemeindegebiet,351,CH02460000,CH02000000,Bern,0,5162.000000000000000,-29998.000000000000000,CH,CH02460351,133115,17,ABC10C09-F0B8-4218-AC02-E7587EA24846,2013/07/15,Land,CH,41291.739999999997963,Schweiz#Suisse#Svizzera#Svizra,8544527,41291737423.214187622070312,"351, 355,",aare_communes,/home/mwshovel/dev/analyst/jan12/munis/aare_communes.shp|layername=aare_communes,aarezufluss_bern_scheurerk,71532.772
{C1C2D8ED-DA13-44DB-B6E9-283FB12CDC4A},2013/08/05,2013/08/05,2010,6,2014,6,verbessert,swisstopo,2010,6,Treibhaus,1412_Aufbau,,,,16497,8A1CF26B-0D61-4DF5-A193-D2FF7B43147C,2019/12/04,2009/03/25,TLM,2019,Gemeindegebiet,249,CH01110000,CH01000000,Unterengstringen,0,334.000000000000000,-29998.000000000000000,CH,CH01110249,3758,17,ABC10C09-F0B8-4218-AC02-E7587EA24846,2013/07/15,Land,CH,41291.739999999997963,Schweiz#Suisse#Svizzera#Svizra,8544527,41291737423.214187622070312,"249, 245",linth_limmat_communes,/home/mwshovel/dev/analyst/jan12/munis/linth_limmat_communes.shp|layername=linth_limmat_communes,limmat_unterengstringen_oggierbuhrer,69417.690
{8028A610-0E0C-4477-A0FD-685DABDF8BD5},2016/07/19,2009/02/19,2005,6,2018,6,verbessert,swisstopo,2015,6,Gebaeude,2018_Aufbau,,,,15336,8A9258FE-DFC7-4160-A39D-75122F39B711,2019/12/04,2009/03/25,TLM,2019,Gemeindegebiet,733,CH02420000,CH02000000,Brügg,0,500.000000000000000,-29998.000000000000000,CH,CH02420733,4283,17,ABC10C09-F0B8-4218-AC02-E7587EA24846,2013/07/15,Land,CH,41291.739999999997963,Schweiz#Suisse#Svizzera#Svizra,8544527,41291737423.214187622070312,"733, 748,",aare_communes,/home/mwshovel/dev/analyst/jan12/munis/aare_communes.shp|layername=aare_communes,brugg-be-buren-bsg-standort,89925.209
{35210ABB-DAA9-4029-9963-9D4D789E355F},2015/12/09,2015/12/09,2015,12,2018,6,verbessert,3D-GebCH_T2015,2015,6,Gebaeude,2018_Aufbau,,,,12579,0B786D19-E32A-42F7-B099-6DE13E2838B4,2019/12/04,2009/03/25,TLM,2019,Gemeindegebiet,6455,N/A,CH24000000,Le Landeron,0,1031.000000000000000,3.000000000000000,CH,CH24006455,4559,17,ABC10C09-F0B8-4218-AC02-E7587EA24846,2013/07/15,Land,CH,41291.739999999997963,Schweiz#Suisse#Svizzera#Svizra,8544527,41291737423.214187622070312,"6455, 6453",bielersee_communes,/home/mwshovel/dev/analyst/jan12/munis/bielersee_communes.shp|layername=bielersee_communes,camp-des-peches,28229.503
{195A4FE0-3230-4EC7-9D3C-E0401B3AAF17},2016/09/30,2016/09/30,2016,9,2019,6,verbessert,3D-GebCH_T2016,2015,6,Gebaeude,2018_Aufbau,,,,9384,830EFFEB-9FFA-465C-A896-AE6FAA35728B,2019/12/04,2011/04/13,TLM,2019,Gemeindegebiet,5398,CH21040000,CH21000000,Gambarogno,0,6539.000000000000000,1360.000000000000000,CH,CH21045398,5154,17,ABC10C09-F0B8-4218-AC02-E7587EA24846,2013/07/15,Land,CH,41291.739999999997963,Schweiz#Suisse#Svizzera#Svizra,8544527,41291737423.214187622070312,"5398, 9711",maggio_communes,/home/mwshovel/dev/analyst/jan12/munis/maggio_communes.shp|layername=maggio_communes,vira-spiaggia-left-of-river,35113.026
{6450FC97-CEB4-4F80-A47A-AE51D717C5EE},2013/09/02,2013/09/02,2010,6,2013,6,verbessert,swisstopo,2010,6,Hochkamin,1412_Aufbau,,,,9737,AA276C39-AD4F-4000-BDC1-152969AD1383,2019/12/04,2018/10/30,TLM,2019,Gemeindegebiet,293,CH01060000,CH01000000,Wädenswil,0,3564.000000000000000,-29998.000000000000000,CH,CH01060293,24536,17,ABC10C09-F0B8-4218-AC02-E7587EA24846,2013/07/15,Land,CH,41291.739999999997963,Schweiz#Suisse#Svizzera#Svizra,8544527,41291737423.214187622070312,"293, 295,",zurichsee_communes,/home/mwshovel/dev/analyst/jan12/munis/zurichsee_communes.shp|layername=zurichsee_communes,zuerichsee_waedenswil_colomboc_1,21564.356
{BB3E08B8-E4A9-4040-86E5-4D62DF0B043A},2014/12/09,2011/06/14,2010,4,2016,6,verbessert,swisstopo,2013,6,Gebaeude,2017_Aufbau,,,,11542,BFE06189-30D9-49DD-B810-6D6BE7AD19E8,2019/12/04,2009/03/25,TLM,2019,Gemeindegebiet,6154,CH23080000,CH23000000,Port-Valais,0,1507.000000000000000,72.000000000000000,CH,CH23086154,3937,17,ABC10C09-F0B8-4218-AC02-E7587EA24846,2013/07/15,Land,CH,41291.739999999997963,Schweiz#Suisse#Svizzera#Svizra,8544527,41291737423.214187622070312,"6154, 5408",leman_communes,/home/mwshovel/dev/analyst/jan12/munis/leman_communes.shp|layername=leman_communes,grand-clos,15396.189
{B4E0CCE1-F574-4E7B-9C79-F6FBCA6CCEC3},2016/10/31,2010/11/18,2010,4,2016,6,verbessert,swisstopo,2016,6,Gebaeude,2016_Aufbau,,,,10159,83DEB540-EF5D-4469-A599-B8D0513280DF,2019/12/04,2009/03/25,TLM,2019,Gemeindegebiet,2054,CH10010000,CH10000000,Estavayer,1,6848.000000000000000,2836.000000000000000,CH,CH10012054,9434,17,ABC10C09-F0B8-4218-AC02-E7587EA24846,2013/07/15,Land,CH,41291.739999999997963,Schweiz#Suisse#Svizzera#Svizra,8544527,41291737423.214187622070312,"2054, 5822",neuch_communes,/home/mwshovel/dev/analyst/jan12/munis/neuch_communes.shp|layername=neuch_communes,nouvelle-plage,6416.102
{CEF0D636-F028-4AFB-A3DC-524951CD87B9},2016/02/26,2010/05/04,2009,6,2015,6,verbessert,swisstopo,2015,6,Gebaeude,2016_Aufbau,,,,16688,282DC8AF-3D50-41EB-B253-DF0C6009ED40,2019/12/04,2009/03/25,TLM,2019,Gemeindegebiet,5861,CH22280000,CH22000000,Rolle,0,276.000000000000000,2.000000000000000,CH,CH22285861,6168,17,ABC10C09-F0B8-4218-AC02-E7587EA24846,2013/07/15,Land,CH,41291.739999999997963,Schweiz#Suisse#Svizzera#Svizra,8544527,41291737423.214187622070312,"5861, 5852",leman_communes,/home/mwshovel/dev/analyst/jan12/munis/leman_communes.shp|layername=leman_communes,rolle-plage,32075.585
{A4A1DBF4-7B8E-4028-94CD-9D2423F48E13},2014/12/09,2011/06/09,2010,4,2016,6,verbessert,swisstopo,2013,6,Gebaeude,2017_Aufbau,,,,9803,4393F97F-2AD4-4BB0-B180-0CCD9E7D34A4,2019/12/04,2009/03/25,TLM,2019,Gemeindegebiet,5886,CH22300000,CH22000000,Montreux,0,3345.000000000000000,4.000000000000000,CH,CH22305886,26629,17,ABC10C09-F0B8-4218-AC02-E7587EA24846,2013/07/15,Land,CH,41291.739999999997963,Schweiz#Suisse#Svizzera#Svizra,8544527,41291737423.214187622070312,"5886, 5881",leman_communes,/home/mwshovel/dev/analyst/jan12/munis/leman_communes.shp|layername=leman_communes,baye-de-clarens,81328.434
{32B38B6E-581A-43EF-BB36-F216AE21D797},2016/04/14,2016/02/03,2016,2,2017,6,verbessert,swisstopo,2014,6,Gebaeude,2018_Aufbau,,,,13588,C445C21D-D4B3-4BC2-9D9E-FB6C10510383,2019/12/04,2009/03/25,TLM,2019,Gemeindegebiet,5561,CH22240000,CH22000000,Grandson,0,785.000000000000000,-29998.000000000000000,CH,CH22245561,3316,17,ABC10C09-F0B8-4218-AC02-E7587EA24846,2013/07/15,Land,CH,41291.739999999997963,Schweiz#Suisse#Svizzera#Svizra,8544527,41291737423.214187622070312,"5561, 5551",neuch_communes,/home/mwshovel/dev/analyst/jan12/munis/neuch_communes.shp|layername=neuch_communes,pecos-plage,10722.863
{04D08B78-FEE7-4020-A7E8-095D51C3DAC5},2016/02/05,2011/06/06,2009,6,2015,6,verbessert,swisstopo,2015,6,Gebaeude,2016_Aufbau,,,,9710,F8FB8691-B43E-4A70-8CD1-1BE2B3560A54,2019/12/04,2009/03/25,TLM,2019,Gemeindegebiet,5586,CH22250000,CH22000000,Lausanne,1,4147.000000000000000,9.000000000000000,CH,CH22255586,137810,17,ABC10C09-F0B8-4218-AC02-E7587EA24846,2013/07/15,Land,CH,41291.739999999997963,Schweiz#Suisse#Svizzera#Svizra,8544527,41291737423.214187622070312,"5586, 5611",leman_communes,/home/mwshovel/dev/analyst/jan12/munis/leman_communes.shp|layername=leman_communes,vidy-ruines,33912.657
{D19C216A-0089-471E-8126-12C85A1C213B},2014/01/22,2009/09/01,2008,8,2014,6,verbessert,swisstopo,2011,6,Offenes Gebaeude,2015_Aufbau,,,,8976,64DE9F95-2913-4C78-9DA0-876BC8363F40,2019/12/04,2011/04/12,TLM,2019,Gemeindegebiet,1630,N/A,CH08000000,Glarus Nord,0,15161.000000000000000,461.000000000000000,CH,CH08001630,18057,17,ABC10C09-F0B8-4218-AC02-E7587EA24846,2013/07/15,Land,CH,41291.739999999997963,Schweiz#Suisse#Svizzera#Svizra,8544527,41291737423.214187622070312,"1630, 1632",walensee_communes,/home/mwshovel/dev/analyst/jan12/munis/walensee_communes.shp|layername=walensee_communes,muhlehorn-dorf,18501.070
{7C002B9C-35F5-4117-BA21-EE21F180E2C6},2014/12/10,2011/05/02,2010,4,2016,6,verbessert,swisstopo,2013,6,Gebaeude,2017_Aufbau,,,,10594,4C55938D-8EA5-4FD1-BF67-742644B595BB,2019/12/04,2009/03/25,TLM,2019,Gemeindegebiet,942,CH02470000,CH02000000,Thun,0,2157.000000000000000,-29998.000000000000000,CH,CH02470942,43568,17,ABC10C09-F0B8-4218-AC02-E7587EA24846,2013/07/15,Land,CH,41291.739999999997963,Schweiz#Suisse#Svizzera#Svizra,8544527,41291737423.214187622070312,"942, 768,",thun_communes,/home/mwshovel/dev/analyst/jan12/munis/thun_communes.shp|layername=thun_communes,camping-gwatt-strand,30931.692
{B3365C8D-7264-4B55-B6F5-7DE2F0B39A22},2016/01/05,2016/01/05,2016,1,2016,1,verbessert,3D-GebCH_T2015,2015,6,Gebaeude,2016_Aufbau,,,,17083,5512B7F8-7A59-41D3-847C-4AD198CF4D07,2019/12/04,2009/03/25,TLM,2019,Gemeindegebiet,5648,CH22290000,CH22000000,Saint-Sulpice (VD),0,186.000000000000000,-29998.000000000000000,CH,CH22295648,4148,17,ABC10C09-F0B8-4218-AC02-E7587EA24846,2013/07/15,Land,CH,41291.739999999997963,Schweiz#Suisse#Svizzera#Svizra,8544527,41291737423.214187622070312,"5648, 5632",leman_communes,/home/mwshovel/dev/analyst/jan12/munis/leman_communes.shp|layername=leman_communes,saint-sulpice,12115.394
{225000D9-950D-48B3-8F04-559FB585B515},2016/07/19,2009/02/19,2004,6,2016,6,verbessert,swisstopo,2015,6,Sakrales Gebaeude,2016_Aufbau,,,,9403,C5297C90-1B32-4B1D-A881-FB8DE3BE7288,2019/12/04,2009/03/25,TLM,2019,Gemeindegebiet,355,CH02460000,CH02000000,Köniz,0,5101.000000000000000,-29998.000000000000000,CH,CH02460355,40938,17,ABC10C09-F0B8-4218-AC02-E7587EA24846,2013/07/15,Land,CH,41291.739999999997963,Schweiz#Suisse#Svizzera#Svizra,8544527,41291737423.214187622070312,"355, 855,",aare_communes,/home/mwshovel/dev/analyst/jan12/munis/aare_communes.shp|layername=aare_communes,bern-tiergarten,70623.349
{C197319D-9214-4082-9E2E-D4699433A7F2},2013/07/31,2013/07/31,2012,6,2012,6,verbessert,swisstopo,2012,6,Gebaeude,1312_Aufbau,,,,9442,25192FD9-022C-4F4D-A5E7-BBFEFDA7DCE8,2019/12/04,2009/03/25,TLM,2019,Gemeindegebiet,573,CH02500000,CH02000000,Brienz (BE),0,4806.000000000000000,-29998.000000000000000,CH,CH02500573,3080,17,ABC10C09-F0B8-4218-AC02-E7587EA24846,2013/07/15,Land,CH,41291.739999999997963,Schweiz#Suisse#Svizzera#Svizra,8544527,41291737423.214187622070312,"573, 785,",brienzer_communes,/home/mwshovel/dev/analyst/jan12/munis/brienzer_communes.shp|layername=brienzer_communes,wycheley,4980.896
{527BC65D-A9AF-4654-834C-290DC50AE72D},2014/07/29,2014/06/27,2013,6,2014,6,verbessert,swisstopo,2013,6,Gebaeude,1412_Aufbau,,,,9112,4631EE61-8202-4217-A0F1-CC8AFEE13211,2019/12/04,2009/03/25,TLM,2019,Gemeindegebiet,261,CH01120000,CH01000000,Zürich,0,9188.000000000000000,395.000000000000000,CH,CH01120261,402762,17,ABC10C09-F0B8-4218-AC02-E7587EA24846,2013/07/15,Land,CH,41291.739999999997963,Schweiz#Suisse#Svizzera#Svizra,8544527,41291737423.214187622070312,"261, 9051,",zurichsee_communes,/home/mwshovel/dev/analyst/jan12/munis/zurichsee_communes.shp|layername=zurichsee_communes,sihl_zuerich_eichenbergerd,64542.395
{D50CEFAF-D0B1-4284-B42C-E9A53C7BF5B3},2014/12/09,2011/06/09,2010,4,2016,6,verbessert,swisstopo,2013,6,Gebaeude,2017_Aufbau,,,,16312,DA126FF2-9194-49CB-AB4C-3AC2D69DCDFA,2019/12/04,2009/03/25,TLM,2019,Gemeindegebiet,5889,CH22300000,CH22000000,La Tour-de-Peilz,0,328.000000000000000,2.000000000000000,CH,CH22305889,11652,17,ABC10C09-F0B8-4218-AC02-E7587EA24846,2013/07/15,Land,CH,41291.739999999997963,Schweiz#Suisse#Svizzera#Svizra,8544527,41291737423.214187622070312,"5889, 5890",leman_communes,/home/mwshovel/dev/analyst/jan12/munis/leman_communes.shp|layername=leman_communes,lac-leman-hammerdirt,77279.075
{0FBD1EF9-E52D-416A-B5A8-DA7B63875E78},2014/07/23,2014/06/27,2013,6,2014,6,verbessert,swisstopo,2013,6,Gebaeude,1412_Aufbau,,,,9112,4631EE61-8202-4217-A0F1-CC8AFEE13211,2019/12/04,2009/03/25,TLM,2019,Gemeindegebiet,261,CH01120000,CH01000000,Zürich,0,9188.000000000000000,395.000000000000000,CH,CH01120261,402762,17,ABC10C09-F0B8-4218-AC02-E7587EA24846,2013/07/15,Land,CH,41291.739999999997963,Schweiz#Suisse#Svizzera#Svizra,8544527,41291737423.214187622070312,"261, 9051,",zurichsee_communes,/home/mwshovel/dev/analyst/jan12/munis/zurichsee_communes.shp|layername=zurichsee_communes,katzensee_regensdorfzuerichaffoltern_stueberj,3581.569
{0D638536-5B1C-4183-B99E-21D311C9C481},2018/03/19,2014/06/27,2013,6,2016,6,verbessert,swisstopo,2016,6,Gebaeude,1412_Aufbau,,,,9112,4631EE61-8202-4217-A0F1-CC8AFEE13211,2019/12/04,2009/03/25,TLM,2019,Gemeindegebiet,261,CH01120000,CH01000000,Zürich,0,9188.000000000000000,395.000000000000000,CH,CH01120261,402762,17,ABC10C09-F0B8-4218-AC02-E7587EA24846,2013/07/15,Land,CH,41291.739999999997963,Schweiz#Suisse#Svizzera#Svizra,8544527,41291737423.214187622070312,"261, 9051,",zurichsee_communes,/home/mwshovel/dev/analyst/jan12/munis/zurichsee_communes.shp|layername=zurichsee_communes,zurichsee-feldeggstr-banningersand,110556.620
{3B9388D1-5A7B-4610-BB38-8B9DBEEB6394},2014/05/26,2011/06/06,2009,6,2015,6,verbessert,swisstopo,2012,6,Gebaeude,2016_Aufbau,,,,17083,5512B7F8-7A59-41D3-847C-4AD198CF4D07,2019/12/04,2009/03/25,TLM,2019,Gemeindegebiet,5648,CH22290000,CH22000000,Saint-Sulpice (VD),0,186.000000000000000,-29998.000000000000000,CH,CH22295648,4148,17,ABC10C09-F0B8-4218-AC02-E7587EA24846,2013/07/15,Land,CH,41291.739999999997963,Schweiz#Suisse#Svizzera#Svizra,8544527,41291737423.214187622070312,"5648, 5632",leman_communes,/home/mwshovel/dev/analyst/jan12/munis/leman_communes.shp|layername=leman_communes,tiger-duck-beach,8092.770
{D1140257-1170-42F6-8B96-C19A962A0E87},2018/01/17,2013/08/06,2010,6,2016,6,verbessert,swisstopo,2016,6,Gebaeude,1412_Aufbau,,,,9112,4631EE61-8202-4217-A0F1-CC8AFEE13211,2019/12/04,2009/03/25,TLM,2019,Gemeindegebiet,261,CH01120000,CH01000000,Zürich,0,9188.000000000000000,395.000000000000000,CH,CH01120261,402762,17,ABC10C09-F0B8-4218-AC02-E7587EA24846,2013/07/15,Land,CH,41291.739999999997963,Schweiz#Suisse#Svizzera#Svizra,8544527,41291737423.214187622070312,"261, 9051,",zurichsee_communes,/home/mwshovel/dev/analyst/jan12/munis/zurichsee_communes.shp|layername=zurichsee_communes,zurichsee_wollishofen_langendorfm,90092.105
{EA6B823A-AEBA-4485-AD20-E395B93CE196},2016/08/29,2016/08/29,2016,8,2018,6,verbessert,3D-GebCH_T2016,2014,6,Gebaeude,2018_Aufbau,,,,14479,903A217C-D880-4665-8D9B-38718193F05F,2019/12/04,2009/03/25,TLM,2019,Gemeindegebiet,2601,CH11090000,CH11000000,Solothurn,0,628.000000000000000,-29998.000000000000000,CH,CH11092601,16697,17,ABC10C09-F0B8-4218-AC02-E7587EA24846,2013/07/15,Land,CH,41291.739999999997963,Schweiz#Suisse#Svizzera#Svizra,8544527,41291737423.214187622070312,"2601, 2542",aare_communes,/home/mwshovel/dev/analyst/jan12/munis/aare_communes.shp|layername=aare_communes,aare_solothurn_nguyena,25776.507
{3BAD3903-2FCD-48A3-85FE-D8320A5ABFA3},2016/08/29,2016/08/29,2016,8,2018,6,verbessert,3D-GebCH_T2016,2014,6,Gebaeude,2018_Aufbau,,,,14479,903A217C-D880-4665-8D9B-38718193F05F,2019/12/04,2009/03/25,TLM,2019,Gemeindegebiet,2601,CH11090000,CH11000000,Solothurn,0,628.000000000000000,-29998.000000000000000,CH,CH11092601,16697,17,ABC10C09-F0B8-4218-AC02-E7587EA24846,2013/07/15,Land,CH,41291.739999999997963,Schweiz#Suisse#Svizzera#Svizra,8544527,41291737423.214187622070312,"2601, 2542",aare_communes,/home/mwshovel/dev/analyst/jan12/munis/aare_communes.shp|layername=aare_communes,aare-solothurn-lido-strand,7841.478
{A85441B0-DB87-4FA1-A057-79E555270492},2017/10/04,2013/10/22,2011,6,2018,6,verbessert,swisstopo,2014,6,Hochkamin,2018_Aufbau,,,,15565,08CA401E-1014-4B43-86E0-F55DB57F06F1,2019/12/04,2009/03/25,TLM,2019,Gemeindegebiet,2534,CH11060000,CH11000000,Zuchwil,0,463.000000000000000,-29998.000000000000000,CH,CH11062534,8842,17,ABC10C09-F0B8-4218-AC02-E7587EA24846,2013/07/15,Land,CH,41291.739999999997963,Schweiz#Suisse#Svizzera#Svizra,8544527,41291737423.214187622070312,"2534, 2527",aare_communes,/home/mwshovel/dev/analyst/jan12/munis/aare_communes.shp|layername=aare_communes,emme_luterbach_huggenbergerk,38863.918
{57D91FFB-1739-4DA7-8B0E-7C2B3D6A6D03},2018/07/10,2013/08/07,2010,7,2016,6,verbessert,swisstopo,2016,6,Sakrales Gebaeude,1412_Aufbau,,,,12032,E0599271-2CB3-4AB1-BE0C-80B68E323355,2019/12/04,2009/03/25,TLM,2019,Gemeindegebiet,154,CH01070000,CH01000000,Küsnacht (ZH),0,1236.000000000000000,-29998.000000000000000,CH,CH01070154,14192,17,ABC10C09-F0B8-4218-AC02-E7587EA24846,2013/07/15,Land,CH,41291.739999999997963,Schweiz#Suisse#Svizzera#Svizra,8544527,41291737423.214187622070312,"154, 152,",zurichsee_communes,/home/mwshovel/dev/analyst/jan12/munis/zurichsee_communes.shp|layername=zurichsee_communes,kusnachter-dorfbach-tobelweg-1-4,114968.502
{C8F5D7A2-D0EA-4A2C-AB17-A337B39BCC74},2019/10/07,2011/05/03,2010,4,2018,6,verbessert,swisstopo,2018,6,Gebaeude,2017_Aufbau,,,,11117,944A2362-70A2-4FE2-96B9-786A16DD510F,2019/12/04,2009/03/25,TLM,2019,Gemeindegebiet,768,CH02490000,CH02000000,Spiez,0,1672.000000000000000,2.000000000000000,CH,CH02490768,12713,17,ABC10C09-F0B8-4218-AC02-E7587EA24846,2013/07/15,Land,CH,41291.739999999997963,Schweiz#Suisse#Svizzera#Svizra,8544527,41291737423.214187622070312,"768, 767,",thun_communes,/home/mwshovel/dev/analyst/jan12/munis/thun_communes.shp|layername=thun_communes,augustmutzenbergstrandweg,67577.292
{3B9388D1-5A7B-4610-BB38-8B9DBEEB6394},2014/05/26,2011/06/06,2009,6,2015,6,verbessert,swisstopo,2012,6,Gebaeude,2016_Aufbau,,,,17083,5512B7F8-7A59-41D3-847C-4AD198CF4D07,2019/12/04,2009/03/25,TLM,2019,Gemeindegebiet,5648,CH22290000,CH22000000,Saint-Sulpice (VD),0,186.000000000000000,-29998.000000000000000,CH,CH22295648,4148,17,ABC10C09-F0B8-4218-AC02-E7587EA24846,2013/07/15,Land,CH,41291.739999999997963,Schweiz#Suisse#Svizzera#Svizra,8544527,41291737423.214187622070312,"5648, 5632",leman_communes,/home/mwshovel/dev/analyst/jan12/munis/leman_communes.shp|layername=leman_communes,plage-de-dorigny,7089.828
{5EEC1D8A-1878-4EFB-9639-546302E1D9CA},2018/03/12,2014/06/27,2013,6,2016,6,verbessert,swisstopo,2016,6,Gebaeude,1412_Aufbau,,,,9112,4631EE61-8202-4217-A0F1-CC8AFEE13211,2019/12/04,2009/03/25,TLM,2019,Gemeindegebiet,261,CH01120000,CH01000000,Zürich,0,9188.000000000000000,395.000000000000000,CH,CH01120261,402762,17,ABC10C09-F0B8-4218-AC02-E7587EA24846,2013/07/15,Land,CH,41291.739999999997963,Schweiz#Suisse#Svizzera#Svizra,8544527,41291737423.214187622070312,"261, 9051,",zurichsee_communes,/home/mwshovel/dev/analyst/jan12/munis/zurichsee_communes.shp|layername=zurichsee_communes,sihl_zuerich_scherfs,286630.004
{C82847F0-4AD6-424A-8B4C-2FEBEF083BE4},2016/02/25,2010/05/04,2009,6,2015,6,verbessert,swisstopo,2015,6,Gebaeude,2016_Aufbau,{022CD9F9-1FCB-4B6E-A103-499D0CF8D6B3},Restaurant la Pêcherie,Gasthof abgelegen,16766,75D66BF4-9093-481D-BBEB-6AE4FC37ACAA,2019/12/04,2009/03/25,TLM,2019,Gemeindegebiet,5851,CH22270000,CH22000000,Allaman,0,260.000000000000000,-29998.000000000000000,CH,CH22275851,435,17,ABC10C09-F0B8-4218-AC02-E7587EA24846,2013/07/15,Land,CH,41291.739999999997963,Schweiz#Suisse#Svizzera#Svizra,8544527,41291737423.214187622070312,"5851, 5623",leman_communes,/home/mwshovel/dev/analyst/jan12/munis/leman_communes.shp|layername=leman_communes,la-pecherie,4280.194
{B12412FC-65DF-4637-9A2B-6813CF955741},2014/12/12,2011/07/14,2010,4,2017,6,verbessert,swisstopo,2013,6,Gebaeude,2017_Aufbau,,,,12312,3D9EF22B-1227-43DC-B343-C7901ED0C14C,2019/12/04,2009/03/25,TLM,2019,Gemeindegebiet,6113,CH23060000,CH23000000,Salgesch,0,1136.000000000000000,-29998.000000000000000,CH,CH23066113,1470,17,ABC10C09-F0B8-4218-AC02-E7587EA24846,2013/07/15,Land,CH,41291.739999999997963,Schweiz#Suisse#Svizzera#Svizra,8544527,41291737423.214187622070312,"6113, 6241",rhone_communes,/home/mwshovel/dev/analyst/jan12/munis/rhone_communes.shp|layername=rhone_communes,tschilljus,4688.179
{FE6CE48A-0ABB-4F6F-8ABE-10C421EB40DD},2014/07/28,2014/07/22,2014,7,2013,6,verbessert,swisstopo,2013,6,Gebaeude,1412_Aufbau,,,,10493,0E97CAED-7E39-4B82-8C24-9635AB99237B,2019/12/04,2009/03/25,TLM,2019,Gemeindegebiet,3340,CH17260000,CH17000000,Rapperswil-Jona,0,3137.000000000000000,912.000000000000000,CH,CH17263340,26962,17,ABC10C09-F0B8-4218-AC02-E7587EA24846,2013/07/15,Land,CH,41291.739999999997963,Schweiz#Suisse#Svizzera#Svizra,8544527,41291737423.214187622070312,"3340, 153,",zurichsee_communes,/home/mwshovel/dev/analyst/jan12/munis/zurichsee_communes.shp|layername=zurichsee_communes,strandbeiz,6183.705
{6CB07BB9-E860-4D2D-A34A-87FF6A58A81B},2014/09/29,2011/06/07,2009,6,2015,6,verbessert,swisstopo,2012,6,Gebaeude,2016_Aufbau,,,,12755,875ABC4E-87B8-432D-BFAA-E43CC00A76BA,2019/12/04,2012/01/16,TLM,2019,Gemeindegebiet,5613,CH22260000,CH22000000,Bourg-en-Lavaux,0,965.000000000000000,1.000000000000000,CH,CH22265613,5290,17,ABC10C09-F0B8-4218-AC02-E7587EA24846,2013/07/15,Land,CH,41291.739999999997963,Schweiz#Suisse#Svizzera#Svizra,8544527,41291737423.214187622070312,"5613, 5606",leman_communes,/home/mwshovel/dev/analyst/jan12/munis/leman_communes.shp|layername=leman_communes,cully-plage,11343.652
{AE05F59A-20A2-401C-B2A6-13126BED2304},2018/03/20,2014/06/27,2013,6,2016,6,verbessert,swisstopo,2016,6,Gebaeude,1412_Aufbau,,,,9112,4631EE61-8202-4217-A0F1-CC8AFEE13211,2019/12/04,2009/03/25,TLM,2019,Gemeindegebiet,261,CH01120000,CH01000000,Zürich,0,9188.000000000000000,395.000000000000000,CH,CH01120261,402762,17,ABC10C09-F0B8-4218-AC02-E7587EA24846,2013/07/15,Land,CH,41291.739999999997963,Schweiz#Suisse#Svizzera#Svizra,8544527,41291737423.214187622070312,"261, 9051,",zurichsee_communes,/home/mwshovel/dev/analyst/jan12/munis/zurichsee_communes.shp|layername=zurichsee_communes,zuerichsee_zurich_kullg,59099.839
{30C4B6CF-79DF-4389-8C56-3D4A05D18FC9},2013/09/03,2012/10/30,2012,3,2012,3,verbessert,swisstopo,2012,3,Gebaeude,1312_Aufbau,,,,12095,8C92E7C4-5B20-42BB-97AD-22511FB82560,2019/12/04,2009/03/25,TLM,2019,Gemeindegebiet,4282,CH19100000,CH19000000,Rothrist,0,1185.000000000000000,-29998.000000000000000,CH,CH19104282,8853,17,ABC10C09-F0B8-4218-AC02-E7587EA24846,2013/07/15,Land,CH,41291.739999999997963,Schweiz#Suisse#Svizzera#Svizra,8544527,41291737423.214187622070312,"4282, 2581",aare_communes,/home/mwshovel/dev/analyst/jan12/munis/aare_communes.shp|layername=aare_communes,pfaffner_rothrist_ischik,39633.144
{14BE09C7-8944-4182-BA0F-573036F09630},2015/12/09,2015/12/09,2015,12,2018,6,verbessert,3D-GebCH_T2015,2015,6,Gebaeude,2018_Aufbau,,,,13680,FDE25683-EE18-4D3B-99F7-120403B3FD65,2019/12/04,2009/03/25,TLM,2019,Gemeindegebiet,494,CH02430000,CH02000000,Gals,0,784.000000000000000,-29998.000000000000000,CH,CH02430494,793,17,ABC10C09-F0B8-4218-AC02-E7587EA24846,2013/07/15,Land,CH,41291.739999999997963,Schweiz#Suisse#Svizzera#Svizra,8544527,41291737423.214187622070312,"494, 6461,",bielersee_communes,/home/mwshovel/dev/analyst/jan12/munis/bielersee_communes.shp|layername=bielersee_communes,gals-reserve,2477.456
{50A755B6-9ADD-4076-9EBC-3035556D3EEA},2013/07/30,2013/07/30,2012,3,2019,6,verbessert,swisstopo,2012,3,Sakrales Gebaeude,2018_Aufbau,{63DB7547-8633-402E-A88F-DC739F2D8932},San Quirico,,14712,740A0BF9-2A18-4128-BEF1-DEDBF1B72A09,2019/12/04,2009/03/25,TLM,2019,Gemeindegebiet,5118,CH21040000,CH21000000,Minusio,0,883.000000000000000,297.000000000000000,CH,CH21045118,7268,17,ABC10C09-F0B8-4218-AC02-E7587EA24846,2013/07/15,Land,CH,41291.739999999997963,Schweiz#Suisse#Svizzera#Svizra,8544527,41291737423.214187622070312,"5118, 5096",maggio_communes,/home/mwshovel/dev/analyst/jan12/munis/maggio_communes.shp|layername=maggio_communes,rivapiana,82224.479
{A33F39B7-20B2-4093-A212-63BA6DEB13B8},2015/02/09,2014/12/15,2014,12,2013,6,verbessert,swisstopo,2013,6,Gebaeude,2015_Aufbau,,,,9737,AA276C39-AD4F-4000-BDC1-152969AD1383,2019/12/04,2018/10/30,TLM,2019,Gemeindegebiet,293,CH01060000,CH01000000,Wädenswil,0,3564.000000000000000,-29998.000000000000000,CH,CH01060293,24536,17,ABC10C09-F0B8-4218-AC02-E7587EA24846,2013/07/15,Land,CH,41291.739999999997963,Schweiz#Suisse#Svizzera#Svizra,8544527,41291737423.214187622070312,"293, 295,",zurichsee_communes,/home/mwshovel/dev/analyst/jan12/munis/zurichsee_communes.shp|layername=zurichsee_communes,sihl_menzingen_kucharska_magdalena,1507.081
{3C691FF8-A6AB-4F9C-93D1-6D2D95456EFB},2013/09/02,2013/09/02,2010,6,2013,6,verbessert,swisstopo,2010,6,Lagertank,1412_Aufbau,,,,13769,600C8140-A103-4A7A-8812-A7E447D70C9F,2019/12/04,2009/03/25,TLM,2019,Gemeindegebiet,138,CH01060000,CH01000000,Richterswil,0,753.000000000000000,-29998.000000000000000,CH,CH01060138,13352,17,ABC10C09-F0B8-4218-AC02-E7587EA24846,2013/07/15,Land,CH,41291.739999999997963,Schweiz#Suisse#Svizzera#Svizra,8544527,41291737423.214187622070312,"138, 1323",zurichsee_communes,/home/mwshovel/dev/analyst/jan12/munis/zurichsee_communes.shp|layername=zurichsee_communes,zuerichsee_richterswil_benkoem_2,11981.444
{AC51F227-7A17-4D6A-BA9D-C1E2D9B6F79C},2016/02/03,2016/02/03,2016,2,2018,6,verbessert,3D-GebCH_T2016,2015,6,Gebaeude,2018_Aufbau,,,,17204,FC427BE5-E5B7-448D-918E-9B606953E69F,2019/12/04,2009/03/25,TLM,2019,Gemeindegebiet,743,CH02420000,CH02000000,Nidau,0,152.000000000000000,-29998.000000000000000,CH,CH02420743,6891,17,ABC10C09-F0B8-4218-AC02-E7587EA24846,2013/07/15,Land,CH,41291.739999999997963,Schweiz#Suisse#Svizzera#Svizra,8544527,41291737423.214187622070312,743,bielersee_communes,/home/mwshovel/dev/analyst/jan12/munis/bielersee_communes.shp|layername=bielersee_communes,nidau-strand,43385.083
{A5373D6D-6EA4-4C7F-97EF-4A07355222ED},2014/08/07,2014/07/21,2014,7,2014,6,verbessert,swisstopo,2013,6,Gebaeude,1412_Aufbau,,,,15882,2FA16F05-DCDC-43AC-8075-3306EAFB3F7F,2019/12/04,2009/03/25,TLM,2019,Gemeindegebiet,3338,CH17260000,CH17000000,Schmerikon,0,598.000000000000000,184.000000000000000,CH,CH17263338,3738,17,ABC10C09-F0B8-4218-AC02-E7587EA24846,2013/07/15,Land,CH,41291.739999999997963,Schweiz#Suisse#Svizzera#Svizra,8544527,41291737423.214187622070312,3338,zurichsee_communes,/home/mwshovel/dev/analyst/jan12/munis/zurichsee_communes.shp|layername=zurichsee_communes,aabach,3306.423
{2A52C20F-E59F-4650-9213-00131F5E5CF5},2018/03/21,2013/07/18,2010,6,2016,6,verbessert,swisstopo,2016,6,Kapelle,1412_Aufbau,,,,9112,4631EE61-8202-4217-A0F1-CC8AFEE13211,2019/12/04,2009/03/25,TLM,2019,Gemeindegebiet,261,CH01120000,CH01000000,Zürich,0,9188.000000000000000,395.000000000000000,CH,CH01120261,402762,17,ABC10C09-F0B8-4218-AC02-E7587EA24846,2013/07/15,Land,CH,41291.739999999997963,Schweiz#Suisse#Svizzera#Svizra,8544527,41291737423.214187622070312,"261, 9051,",zurichsee_communes,/home/mwshovel/dev/analyst/jan12/munis/zurichsee_communes.shp|layername=zurichsee_communes,sihl_zuerich_eggerskoehlingera,224540.709
{5E00C145-2015-450E-9394-A47C90D4409F},2014/09/25,2011/02/14,2010,3,2016,6,verbessert,swisstopo,2013,6,Offenes Gebaeude,2016_Aufbau,,,,9403,C5297C90-1B32-4B1D-A881-FB8DE3BE7288,2019/12/04,2009/03/25,TLM,2019,Gemeindegebiet,355,CH02460000,CH02000000,Köniz,0,5101.000000000000000,-29998.000000000000000,CH,CH02460355,40938,17,ABC10C09-F0B8-4218-AC02-E7587EA24846,2013/07/15,Land,CH,41291.739999999997963,Schweiz#Suisse#Svizzera#Svizra,8544527,41291737423.214187622070312,"355, 855,",aare_communes,/home/mwshovel/dev/analyst/jan12/munis/aare_communes.shp|layername=aare_communes,aare_elfenau_cataldiv,48727.310
{5E00C145-2015-450E-9394-A47C90D4409F},2014/09/25,2011/02/14,2010,3,2016,6,verbessert,swisstopo,2013,6,Offenes Gebaeude,2016_Aufbau,,,,9403,C5297C90-1B32-4B1D-A881-FB8DE3BE7288,2019/12/04,2009/03/25,TLM,2019,Gemeindegebiet,355,CH02460000,CH02000000,Köniz,0,5101.000000000000000,-29998.000000000000000,CH,CH02460355,40938,17,ABC10C09-F0B8-4218-AC02-E7587EA24846,2013/07/15,Land,CH,41291.739999999997963,Schweiz#Suisse#Svizzera#Svizra,8544527,41291737423.214187622070312,"355, 855,",aare_communes,/home/mwshovel/dev/analyst/jan12/munis/aare_communes.shp|layername=aare_communes,aare_koniz_hoppej,36877.794
{7C5C4A60-4D74-49E4-A726-3F3560F73F25},2015/09/17,2009/09/01,2008,8,2014,6,verbessert,swisstopo,2014,6,Gebaeude,2015_Aufbau,,,,15084,9544D395-D2BC-46FC-8110-6B6B393655E3,2019/12/04,2009/03/25,TLM,2019,Gemeindegebiet,3316,CH17260000,CH17000000,Weesen,0,575.000000000000000,35.000000000000000,CH,CH17263316,1635,17,ABC10C09-F0B8-4218-AC02-E7587EA24846,2013/07/15,Land,CH,41291.739999999997963,Schweiz#Suisse#Svizzera#Svizra,8544527,41291737423.214187622070312,"3316, 9268",walensee_communes,/home/mwshovel/dev/analyst/jan12/munis/walensee_communes.shp|layername=walensee_communes,flibach-river-right-bank,28800.659
{4DD252E2-F358-4841-8F62-2B8535B2E7C3},2016/07/19,2009/02/19,2005,6,2018,6,verbessert,swisstopo,2015,6,Gebaeude,2018_Aufbau,,,,13172,F0AD97D4-4B2C-4FEA-965D-A726FF27B1E1,2019/12/04,2009/03/25,TLM,2019,Gemeindegebiet,6459,N/A,CH24000000,Saint-Blaise,0,890.000000000000000,4.000000000000000,CH,CH24006459,3232,17,ABC10C09-F0B8-4218-AC02-E7587EA24846,2013/07/15,Land,CH,41291.739999999997963,Schweiz#Suisse#Svizzera#Svizra,8544527,41291737423.214187622070312,"6459, 6452",neuch_communes,/home/mwshovel/dev/analyst/jan12/munis/neuch_communes.shp|layername=neuch_communes,hauterive-petite-plage,51722.820
{B07DF457-5FAE-455D-8B7C-B6DD188E5912},2015/01/13,2011/01/31,2010,3,2016,6,verbessert,swisstopo,2013,6,Offenes Gebaeude,2016_Aufbau,,,,9395,C9307603-09CE-44B9-ADFB-DDD371298073,2019/12/04,2009/03/25,TLM,2019,Gemeindegebiet,351,CH02460000,CH02000000,Bern,0,5162.000000000000000,-29998.000000000000000,CH,CH02460351,133115,17,ABC10C09-F0B8-4218-AC02-E7587EA24846,2013/07/15,Land,CH,41291.739999999997963,Schweiz#Suisse#Svizzera#Svizra,8544527,41291737423.214187622070312,"351, 355,",aare_communes,/home/mwshovel/dev/analyst/jan12/munis/aare_communes.shp|layername=aare_communes,aare_bern_scheurerk,72350.673
{386992B7-40A1-465D-90D4-6D96C5D8D1CE},2014/03/03,2009/11/24,2009,4,2015,6,verbessert,swisstopo,2012,6,Gebaeude,2016_Aufbau,,,,9384,830EFFEB-9FFA-465C-A896-AE6FAA35728B,2019/12/04,2011/04/13,TLM,2019,Gemeindegebiet,5398,CH21040000,CH21000000,Gambarogno,0,6539.000000000000000,1360.000000000000000,CH,CH21045398,5154,17,ABC10C09-F0B8-4218-AC02-E7587EA24846,2013/07/15,Land,CH,41291.739999999997963,Schweiz#Suisse#Svizzera#Svizra,8544527,41291737423.214187622070312,"5398, 9711",maggio_communes,/home/mwshovel/dev/analyst/jan12/munis/maggio_communes.shp|layername=maggio_communes,gerra-gambarogno,32539.879
{F52288D8-FFD0-4FE7-B017-55903659C3B4},2014/01/22,2009/08/10,2008,8,2014,6,verbessert,swisstopo,2011,6,Offenes Gebaeude,2015_Aufbau,,,,9494,9909CF0C-B906-4E70-ADC9-20B3A574DA99,2019/12/04,2009/03/25,TLM,2019,Gemeindegebiet,3298,CH17250000,CH17000000,Walenstadt,0,4884.000000000000000,316.000000000000000,CH,CH17253298,5590,17,ABC10C09-F0B8-4218-AC02-E7587EA24846,2013/07/15,Land,CH,41291.739999999997963,Schweiz#Suisse#Svizzera#Svizra,8544527,41291737423.214187622070312,"3298, 3276",walensee_communes,/home/mwshovel/dev/analyst/jan12/munis/walensee_communes.shp|layername=walensee_communes,seez_spennwiesenbrucke,10060.996
{A4A1DBF4-7B8E-4028-94CD-9D2423F48E13},2014/12/09,2011/06/09,2010,4,2016,6,verbessert,swisstopo,2013,6,Gebaeude,2017_Aufbau,,,,9803,4393F97F-2AD4-4BB0-B180-0CCD9E7D34A4,2019/12/04,2009/03/25,TLM,2019,Gemeindegebiet,5886,CH22300000,CH22000000,Montreux,0,3345.000000000000000,4.000000000000000,CH,CH22305886,26629,17,ABC10C09-F0B8-4218-AC02-E7587EA24846,2013/07/15,Land,CH,41291.739999999997963,Schweiz#Suisse#Svizzera#Svizra,8544527,41291737423.214187622070312,"5886, 5881",leman_communes,/home/mwshovel/dev/analyst/jan12/munis/leman_communes.shp|layername=leman_communes,le-pierrier,81273.004
{E8F5162F-D8A7-4BBE-BAE6-66BFF60E8464},2019/04/17,2013/09/17,2012,6,2018,6,verbessert,swisstopo,2018,6,Gebaeude,1312_Aufbau,,,,11357,9A0D7895-3BCB-4750-8865-B296347077DC,2019/12/04,2009/03/25,TLM,2019,Gemeindegebiet,572,CH02500000,CH02000000,Bönigen,0,1508.000000000000000,-29998.000000000000000,CH,CH02500572,2531,17,ABC10C09-F0B8-4218-AC02-E7587EA24846,2013/07/15,Land,CH,41291.739999999997963,Schweiz#Suisse#Svizzera#Svizra,8544527,41291737423.214187622070312,"572, 594,",brienzer_communes,/home/mwshovel/dev/analyst/jan12/munis/brienzer_communes.shp|layername=brienzer_communes,hafeli,46983.059
{C45ADD63-0458-4936-8A96-2FDC659BA8F6},2016/07/19,2009/02/19,2005,6,2018,6,verbessert,swisstopo,2015,6,Treibhaus,2018_Aufbau,,,,15542,DA40E4F8-0565-4E39-B2F6-883908FECBE1,2019/12/04,2009/03/25,TLM,2019,Gemeindegebiet,502,CH02430000,CH02000000,Vinelz,0,456.000000000000000,-29998.000000000000000,CH,CH02430502,854,17,ABC10C09-F0B8-4218-AC02-E7587EA24846,2013/07/15,Land,CH,41291.739999999997963,Schweiz#Suisse#Svizzera#Svizra,8544527,41291737423.214187622070312,"502, 492",bielersee_communes,/home/mwshovel/dev/analyst/jan12/munis/bielersee_communes.shp|layername=bielersee_communes,bielersee_vinelz_fankhausers,25631.069
{C28BFE1F-17A3-4291-9332-F972E08B285C},2017/07/04,2009/01/08,2004,6,2017,6,restrukturiert,swisstopo,2015,6,Kapelle,2017_Aufbau,,,,10367,26FF2ED8-8362-483D-8AE0-53666B921F23,2019/12/04,2009/03/25,TLM,2019,Gemeindegebiet,6139,CH23070000,CH23000000,Riddes,0,2390.000000000000000,-29998.000000000000000,CH,CH23076139,3035,17,ABC10C09-F0B8-4218-AC02-E7587EA24846,2013/07/15,Land,CH,41291.739999999997963,Schweiz#Suisse#Svizzera#Svizra,8544527,41291737423.214187622070312,"6139, 6141",rhone_communes,/home/mwshovel/dev/analyst/jan12/munis/rhone_communes.shp|layername=rhone_communes,les-glariers,34644.580
{9BF0FD75-D48E-4F9B-8EC4-3873F6C76343},2016/01/15,2016/01/15,2016,1,2016,1,verbessert,3D-GebCH_T2015,2015,6,Hochhaus,2016_Aufbau,,,,11258,CBB0995E-73FB-48AD-A9E4-14C75F740FCE,2019/12/04,2009/03/25,TLM,2019,Gemeindegebiet,6621,N/A,CH25000000,Genève,0,1830.000000000000000,237.000000000000000,CH,CH25006621,198979,17,ABC10C09-F0B8-4218-AC02-E7587EA24846,2013/07/15,Land,CH,41291.739999999997963,Schweiz#Suisse#Svizzera#Svizra,8544527,41291737423.214187622070312,"6621, 6643",leman_communes,/home/mwshovel/dev/analyst/jan12/munis/leman_communes.shp|layername=leman_communes,baby-plage-ii-geneve,43367.015
{9B8F2971-2997-4D20-B305-C3D3BCA20600},2016/04/19,2014/05/06,2012,6,2015,6,restrukturiert,swisstopo,2012,6,Treibhaus,2016_Aufbau,,,,11258,CBB0995E-73FB-48AD-A9E4-14C75F740FCE,2019/12/04,2009/03/25,TLM,2019,Gemeindegebiet,6621,N/A,CH25000000,Genève,0,1830.000000000000000,237.000000000000000,CH,CH25006621,198979,17,ABC10C09-F0B8-4218-AC02-E7587EA24846,2013/07/15,Land,CH,41291.739999999997963,Schweiz#Suisse#Svizzera#Svizra,8544527,41291737423.214187622070312,"6621, 6643",leman_communes,/home/mwshovel/dev/analyst/jan12/munis/leman_communes.shp|layername=leman_communes,jardin-botanique,46050.179
{F78C8E6D-F8C3-40C5-AD5F-325844E95F5D},2013/02/22,2012/10/30,2012,3,2012,6,verbessert,swisstopo,2012,3,Hochhaus,1312_Aufbau,,,,12052,E5869084-17C4-4852-A063-98D5A9DC29B1,2019/12/04,2009/03/25,TLM,2019,Gemeindegebiet,4001,CH19010000,CH19000000,Aarau,0,1234.000000000000000,-29998.000000000000000,CH,CH19014001,21036,17,ABC10C09-F0B8-4218-AC02-E7587EA24846,2013/07/15,Land,CH,41291.739999999997963,Schweiz#Suisse#Svizzera#Svizra,8544527,41291737423.214187622070312,"4001, 4008",aare_communes,/home/mwshovel/dev/analyst/jan12/munis/aare_communes.shp|layername=aare_communes,aare_suhrespitz_badert,24595.189
{8F78C01B-BFF6-4277-943B-DF4650B039FE},2016/07/19,2009/02/19,2005,6,2018,6,verbessert,swisstopo,2015,6,Gebaeude,2018_Aufbau,{9341DCE6-0742-4CA8-9DFE-512E6812BD65},Port 300/50m,Schiessstand,16887,B48B8F95-6826-4241-9AC0-EEC05DCBD54A,2019/12/04,2009/03/25,TLM,2019,Gemeindegebiet,745,CH02420000,CH02000000,Port,0,246.000000000000000,-29998.000000000000000,CH,CH02420745,3532,17,ABC10C09-F0B8-4218-AC02-E7587EA24846,2013/07/15,Land,CH,41291.739999999997963,Schweiz#Suisse#Svizzera#Svizra,8544527,41291737423.214187622070312,"745, 731,",aare_communes,/home/mwshovel/dev/analyst/jan12/munis/aare_communes.shp|layername=aare_communes,aare_post,33269.331
{42286F5E-E55B-47A0-8DF9-CDA8EEFA7374},2013/10/24,2013/10/24,2011,6,2018,6,verbessert,swisstopo,2011,6,Gebaeude,2018_Aufbau,,,Reservoir,12117,5DDD5EB4-3A20-4ED7-8EFA-379756AEC6BB,2019/12/04,2009/03/25,TLM,2019,Gemeindegebiet,2513,CH11060000,CH11000000,Biberist,0,1225.000000000000000,-29998.000000000000000,CH,CH11062513,8370,17,ABC10C09-F0B8-4218-AC02-E7587EA24846,2013/07/15,Land,CH,41291.739999999997963,Schweiz#Suisse#Svizzera#Svizra,8544527,41291737423.214187622070312,"2513, 533,",aare_communes,/home/mwshovel/dev/analyst/jan12/munis/aare_communes.shp|layername=aare_communes,emme_biberist_jennim,9888.123
{9578FD66-EE95-4FC9-8300-9335FDD0F49A},2013/12/03,2011/04/07,2010,3,2016,6,verbessert,swisstopo,2013,6,Gebaeude,2016_Aufbau,,,,13814,12B5725B-22B5-4908-A03B-51142CA758C8,2019/12/04,2009/03/25,TLM,2019,Gemeindegebiet,356,CH02460000,CH02000000,Muri bei Bern,0,763.000000000000000,-29998.000000000000000,CH,CH02460356,13037,17,ABC10C09-F0B8-4218-AC02-E7587EA24846,2013/07/15,Land,CH,41291.739999999997963,Schweiz#Suisse#Svizzera#Svizra,8544527,41291737423.214187622070312,"356, 363,",aare_communes,/home/mwshovel/dev/analyst/jan12/munis/aare_communes.shp|layername=aare_communes,aare_kehrsatz_stolten,23810.668
{E0FBB3AC-B9DB-4F69-8B18-90DC7AA20BD1},2016/07/19,2008/03/19,2002,6,2015,6,verbessert,swisstopo,2015,6,Gebaeude,2015_Aufbau,{F3467A14-B059-4C5C-8C93-918FF1E6CE81},Filzbach 50/25m,Schiessstand,8976,64DE9F95-2913-4C78-9DA0-876BC8363F40,2019/12/04,2011/04/12,TLM,2019,Gemeindegebiet,1630,N/A,CH08000000,Glarus Nord,0,15161.000000000000000,461.000000000000000,CH,CH08001630,18057,17,ABC10C09-F0B8-4218-AC02-E7587EA24846,2013/07/15,Land,CH,41291.739999999997963,Schweiz#Suisse#Svizzera#Svizra,8544527,41291737423.214187622070312,"1630, 1632",walensee_communes,/home/mwshovel/dev/analyst/jan12/munis/walensee_communes.shp|layername=walensee_communes,linth_route9brucke,3328.839
{65A4FA02-2B09-437D-82D4-052D500D9A4B},2014/07/22,2014/07/01,2014,7,2013,6,verbessert,swisstopo,2013,6,Gebaeude,1412_Aufbau,,,,13250,27700C7A-434C-496E-8E72-BFFDEA6BA0F9,2019/12/04,2009/03/25,TLM,2019,Gemeindegebiet,158,CH01070000,CH01000000,Stäfa,0,859.000000000000000,-29998.000000000000000,CH,CH01070158,14291,17,ABC10C09-F0B8-4218-AC02-E7587EA24846,2013/07/15,Land,CH,41291.739999999997963,Schweiz#Suisse#Svizzera#Svizra,8544527,41291737423.214187622070312,"158, 157,",zurichsee_communes,/home/mwshovel/dev/analyst/jan12/munis/zurichsee_communes.shp|layername=zurichsee_communes,zuerichsee_staefa_hennm,9722.356
{6C5F7CE8-4C3A-4272-AFEE-6C67607E28DF},2014/12/09,2011/06/09,2010,4,2016,6,verbessert,swisstopo,2013,6,Gebaeude,2017_Aufbau,,,,16312,DA126FF2-9194-49CB-AB4C-3AC2D69DCDFA,2019/12/04,2009/03/25,TLM,2019,Gemeindegebiet,5889,CH22300000,CH22000000,La Tour-de-Peilz,0,328.000000000000000,2.000000000000000,CH,CH22305889,11652,17,ABC10C09-F0B8-4218-AC02-E7587EA24846,2013/07/15,Land,CH,41291.739999999997963,Schweiz#Suisse#Svizzera#Svizra,8544527,41291737423.214187622070312,"5889, 5890",leman_communes,/home/mwshovel/dev/analyst/jan12/munis/leman_communes.shp|layername=leman_communes,le-port,74055.094
{5A2E9089-9B09-49F7-B910-2247DA4C5E69},2016/01/05,2016/01/05,2016,1,2016,1,verbessert,3D-GebCH_T2015,2015,6,Gebaeude,2016_Aufbau,,,,12559,F06E6C33-3C92-47E9-81FF-B833CFD77FFD,2019/12/04,2009/03/25,TLM,2019,Gemeindegebiet,6644,N/A,CH25000000,Versoix,0,1515.000000000000000,465.000000000000000,CH,CH25006644,13247,17,ABC10C09-F0B8-4218-AC02-E7587EA24846,2013/07/15,Land,CH,41291.739999999997963,Schweiz#Suisse#Svizzera#Svizra,8544527,41291737423.214187622070312,"6644, 6615",leman_communes,/home/mwshovel/dev/analyst/jan12/munis/leman_communes.shp|layername=leman_communes,versoix,33444.478
{386992B7-40A1-465D-90D4-6D96C5D8D1CE},2014/03/03,2009/11/24,2009,4,2015,6,verbessert,swisstopo,2012,6,Gebaeude,2016_Aufbau,,,,9384,830EFFEB-9FFA-465C-A896-AE6FAA35728B,2019/12/04,2011/04/13,TLM,2019,Gemeindegebiet,5398,CH21040000,CH21000000,Gambarogno,0,6539.000000000000000,1360.000000000000000,CH,CH21045398,5154,17,ABC10C09-F0B8-4218-AC02-E7587EA24846,2013/07/15,Land,CH,41291.739999999997963,Schweiz#Suisse#Svizzera#Svizra,8544527,41291737423.214187622070312,"5398, 9711",maggio_communes,/home/mwshovel/dev/analyst/jan12/munis/maggio_communes.shp|layername=maggio_communes,pacha-mama-gerra,25614.663
{1D314FDB-BCF2-4AA5-9574-2582E7A1908F},2016/05/26,2016/05/26,2016,5,2017,6,verbessert,3D-GebCH_T2016,2014,6,Gebaeude,2018_Aufbau,,,,11778,145E77C7-A45A-4417-BD33-93DA7910969F,2019/12/04,2009/03/25,TLM,2019,Gemeindegebiet,5938,CH22240000,CH22000000,Yverdon-les-Bains,0,1354.000000000000000,-29998.000000000000000,CH,CH22245938,29977,17,ABC10C09-F0B8-4218-AC02-E7587EA24846,2013/07/15,Land,CH,41291.739999999997963,Schweiz#Suisse#Svizzera#Svizra,8544527,41291737423.214187622070312,"5938, 5520",neuch_communes,/home/mwshovel/dev/analyst/jan12/munis/neuch_communes.shp|layername=neuch_communes,la-petite-plage,2132.401
{3658DB05-032E-4065-BCFE-42D4079D681C},2016/07/19,2009/02/19,2006,6,2015,6,verbessert,swisstopo,2015,6,Gebaeude,1312_Aufbau,,,,10047,6AA9F82C-07D5-44F4-859C-584032426200,2019/12/04,2009/03/25,TLM,2019,Gemeindegebiet,571,CH02500000,CH02000000,Beatenberg,0,2925.000000000000000,-29998.000000000000000,CH,CH02500571,1208,17,ABC10C09-F0B8-4218-AC02-E7587EA24846,2013/07/15,Land,CH,41291.739999999997963,Schweiz#Suisse#Svizzera#Svizra,8544527,41291737423.214187622070312,"571, 924,",thun_communes,/home/mwshovel/dev/analyst/jan12/munis/thun_communes.shp|layername=thun_communes,sundbach-strand,5470.765
{B4618493-073F-4D65-B482-64CBC6E9BD0D},2018/11/27,2009/08/18,2008,8,2014,6,verbessert,swisstopo,2014,6,Gebaeude,2015_Aufbau,,,,9337,2DBD8EC0-1A10-4309-A724-D495FE8A0120,2019/12/04,2009/03/25,TLM,2019,Gemeindegebiet,3295,CH17250000,CH17000000,Quarten,1,7321.000000000000000,1145.000000000000000,CH,CH17253295,2873,17,ABC10C09-F0B8-4218-AC02-E7587EA24846,2013/07/15,Land,CH,41291.739999999997963,Schweiz#Suisse#Svizzera#Svizra,8544527,41291737423.214187622070312,"3295, 3298",walensee_communes,/home/mwshovel/dev/analyst/jan12/munis/walensee_communes.shp|layername=walensee_communes,mols-rocks,13992.104
{0C24CD77-0810-4B8B-818A-F14ED4DECA45},2014/09/23,2014/09/23,2011,6,2017,6,verbessert,swisstopo,2011,6,Gebaeude,2018_Aufbau,{41C0440E-BBD7-4A3A-A252-52F1BECCD330},Patinoire d'Yverdon-les-Bains,Stadion,11778,145E77C7-A45A-4417-BD33-93DA7910969F,2019/12/04,2009/03/25,TLM,2019,Gemeindegebiet,5938,CH22240000,CH22000000,Yverdon-les-Bains,0,1354.000000000000000,-29998.000000000000000,CH,CH22245938,29977,17,ABC10C09-F0B8-4218-AC02-E7587EA24846,2013/07/15,Land,CH,41291.739999999997963,Schweiz#Suisse#Svizzera#Svizra,8544527,41291737423.214187622070312,"5938, 5520",neuch_communes,/home/mwshovel/dev/analyst/jan12/munis/neuch_communes.shp|layername=neuch_communes,signalpain,40535.059
{5529B514-B2F6-42D0-8708-9AAC6CAE2251},2016/07/19,2009/02/19,2005,6,2018,6,verbessert,swisstopo,2015,6,Gebaeude,2018_Aufbau,,,,14976,E6DCBBD9-CE81-4166-9D40-0CA236600995,2019/12/04,2009/03/25,TLM,2019,Gemeindegebiet,497,CH02430000,CH02000000,Lüscherz,0,542.000000000000000,-29998.000000000000000,CH,CH02430497,530,17,ABC10C09-F0B8-4218-AC02-E7587EA24846,2013/07/15,Land,CH,41291.739999999997963,Schweiz#Suisse#Svizzera#Svizra,8544527,41291737423.214187622070312,"497, 499,",bielersee_communes,/home/mwshovel/dev/analyst/jan12/munis/bielersee_communes.shp|layername=bielersee_communes,luscherz-two,43346.898
{957034D3-3202-4A3D-A450-3F559D9B769F},2015/12/09,2015/12/09,2015,12,2016,6,verbessert,3D-GebCH_T2015,2015,6,Gebaeude,2016_Aufbau,,,,11135,1D31C622-3EE5-4E97-BCAC-A8B8C499458B,2019/12/04,2009/03/25,TLM,2019,Gemeindegebiet,6404,N/A,CH24000000,Boudry,0,1680.000000000000000,4.000000000000000,CH,CH24006404,5846,17,ABC10C09-F0B8-4218-AC02-E7587EA24846,2013/07/15,Land,CH,41291.739999999997963,Schweiz#Suisse#Svizzera#Svizra,8544527,41291737423.214187622070312,"6404, 6416",neuch_communes,/home/mwshovel/dev/analyst/jan12/munis/neuch_communes.shp|layername=neuch_communes,pointe-dareuse,2977.322
{A80FDBB1-AA62-47ED-B887-13D03C30BCDA},2015/08/19,2015/08/19,2015,8,2015,8,verbessert,3D-GebCH_T2015,2014,6,Gebaeude,2015_Aufbau,,,,9494,9909CF0C-B906-4E70-ADC9-20B3A574DA99,2019/12/04,2009/03/25,TLM,2019,Gemeindegebiet,3298,CH17250000,CH17000000,Walenstadt,0,4884.000000000000000,316.000000000000000,CH,CH17253298,5590,17,ABC10C09-F0B8-4218-AC02-E7587EA24846,2013/07/15,Land,CH,41291.739999999997963,Schweiz#Suisse#Svizzera#Svizra,8544527,41291737423.214187622070312,"3298, 3276",walensee_communes,/home/mwshovel/dev/analyst/jan12/munis/walensee_communes.shp|layername=walensee_communes,seemuhlestrasse-strand,122.240
{324B9D67-5BF5-40C6-8572-1BE357ACA302},2014/04/25,2011/04/01,2010,3,2016,6,verbessert,swisstopo,2013,6,Gebaeude,2016_Aufbau,,,,9403,C5297C90-1B32-4B1D-A881-FB8DE3BE7288,2019/12/04,2009/03/25,TLM,2019,Gemeindegebiet,355,CH02460000,CH02000000,Köniz,0,5101.000000000000000,-29998.000000000000000,CH,CH02460355,40938,17,ABC10C09-F0B8-4218-AC02-E7587EA24846,2013/07/15,Land,CH,41291.739999999997963,Schweiz#Suisse#Svizzera#Svizra,8544527,41291737423.214187622070312,"355, 855,",aare_communes,/home/mwshovel/dev/analyst/jan12/munis/aare_communes.shp|layername=aare_communes,sense_torishaus_g-cubes,8249.593
{D5876BE8-CD36-46AD-99EB-F2177CF7FFB6},2014/03/12,2011/08/02,2010,4,2016,6,verbessert,swisstopo,2013,6,Gebaeude,2017_Aufbau,,,,9776,46110F85-0F0F-4789-8CD2-8D9557660F27,2019/12/04,2009/03/25,TLM,2019,Gemeindegebiet,6266,CH23120000,CH23000000,Sion,0,3486.000000000000000,-29998.000000000000000,CH,CH23126266,34353,17,ABC10C09-F0B8-4218-AC02-E7587EA24846,2013/07/15,Land,CH,41291.739999999997963,Schweiz#Suisse#Svizzera#Svizra,8544527,41291737423.214187622070312,"6266, 6238",rhone_communes,/home/mwshovel/dev/analyst/jan12/munis/rhone_communes.shp|layername=rhone_communes,les-vieux-ronquoz,106410.705
{6F813094-2FB1-4FAE-B46D-D2D72F2514AF},2016/01/05,2016/01/05,2016,1,2016,1,verbessert,3D-GebCH_T2015,2015,6,Gebaeude,2016_Aufbau,,,,13441,618889D5-FA20-4713-8B7B-09839C8965B6,2019/12/04,2009/03/25,TLM,2019,Gemeindegebiet,5721,CH22280000,CH22000000,Gland,0,832.000000000000000,-29998.000000000000000,CH,CH22285721,12997,17,ABC10C09-F0B8-4218-AC02-E7587EA24846,2013/07/15,Land,CH,41291.739999999997963,Schweiz#Suisse#Svizzera#Svizra,8544527,41291737423.214187622070312,"5721, 5725",leman_communes,/home/mwshovel/dev/analyst/jan12/munis/leman_communes.shp|layername=leman_communes,lacleman_gland_kubela,2043.211
{DE0CBD5E-EE65-4E55-AB8A-C68488FEEA1D},2012/11/15,2012/11/15,2012,3,2012,6,verbessert,swisstopo,2012,3,Gebaeude,1312_Aufbau,,,,14626,F70C1CA3-10BA-4D95-8741-E6D8DF21A69B,2019/12/04,2009/03/25,TLM,2019,Gemeindegebiet,4206,CH19070000,CH19000000,Rupperswil,0,622.000000000000000,-29998.000000000000000,CH,CH19074206,5388,17,ABC10C09-F0B8-4218-AC02-E7587EA24846,2013/07/15,Land,CH,41291.739999999997963,Schweiz#Suisse#Svizzera#Svizra,8544527,41291737423.214187622070312,"4206, 4091",aare_communes,/home/mwshovel/dev/analyst/jan12/munis/aare_communes.shp|layername=aare_communes,aare_rupperswil_badert,5280.110
{66ABF431-46AD-4D91-93E3-4DCC2535EF7D},2014/08/20,2010/12/16,2010,4,2016,6,verbessert,swisstopo,2013,6,Gebaeude,2016_Aufbau,,,,12828,E5BFEDCA-3902-4183-9047-423BD8D12BC3,2019/12/04,2017/01/17,TLM,2019,Gemeindegebiet,2055,CH10010000,CH10000000,Cheyres-Châbles,0,2233.000000000000000,1260.000000000000000,CH,CH10012055,2222,17,ABC10C09-F0B8-4218-AC02-E7587EA24846,2013/07/15,Land,CH,41291.739999999997963,Schweiz#Suisse#Svizzera#Svizra,8544527,41291737423.214187622070312,"2055, 2054",neuch_communes,/home/mwshovel/dev/analyst/jan12/munis/neuch_communes.shp|layername=neuch_communes,plage-de-cheyres,28434.366
{2482AAF7-8CB0-421F-86CC-26BA9E9C95C5},2013/08/28,2013/08/28,2012,6,2012,6,verbessert,swisstopo,2012,6,Gebaeude,1312_Aufbau,,,,11609,274CBDF5-EF78-4C42-87D2-8CA1C623254E,2019/12/04,2009/03/25,TLM,2019,Gemeindegebiet,593,CH02500000,CH02000000,Unterseen,0,1399.000000000000000,-29998.000000000000000,CH,CH02500593,5757,17,ABC10C09-F0B8-4218-AC02-E7587EA24846,2013/07/15,Land,CH,41291.739999999997963,Schweiz#Suisse#Svizzera#Svizra,8544527,41291737423.214187622070312,"593, 590,",thun_communes,/home/mwshovel/dev/analyst/jan12/munis/thun_communes.shp|layername=thun_communes,weissenau-neuhaus,7772.633
{3E14CD2D-2D9A-4DAE-83FA-9D339E999766},2014/03/12,2014/02/14,2013,6,2014,6,verbessert,swisstopo,2013,6,Gebaeude,1412_Aufbau,,,,16974,ED1CC3BA-0787-4AAA-9E0E-71BC68256888,2019/12/04,2009/03/25,TLM,2019,Gemeindegebiet,245,CH01110000,CH01000000,Oberengstringen,0,215.000000000000000,-29998.000000000000000,CH,CH01110245,6611,17,ABC10C09-F0B8-4218-AC02-E7587EA24846,2013/07/15,Land,CH,41291.739999999997963,Schweiz#Suisse#Svizzera#Svizra,8544527,41291737423.214187622070312,245,linth_limmat_communes,/home/mwshovel/dev/analyst/jan12/munis/linth_limmat_communes.shp|layername=linth_limmat_communes,limmat_zuerich_wagnerc,79888.891
{FE6CE48A-0ABB-4F6F-8ABE-10C421EB40DD},2014/07/28,2014/07/22,2014,7,2013,6,verbessert,swisstopo,2013,6,Gebaeude,1412_Aufbau,,,,10493,0E97CAED-7E39-4B82-8C24-9635AB99237B,2019/12/04,2009/03/25,TLM,2019,Gemeindegebiet,3340,CH17260000,CH17000000,Rapperswil-Jona,0,3137.000000000000000,912.000000000000000,CH,CH17263340,26962,17,ABC10C09-F0B8-4218-AC02-E7587EA24846,2013/07/15,Land,CH,41291.739999999997963,Schweiz#Suisse#Svizzera#Svizra,8544527,41291737423.214187622070312,"3340, 153,",zurichsee_communes,/home/mwshovel/dev/analyst/jan12/munis/zurichsee_communes.shp|layername=zurichsee_communes,rastplatz-stampf,4262.696
{6109B877-3A6C-46A2-B2CB-F72F7C72D730},2014/03/03,2009/11/24,2009,4,2015,6,verbessert,swisstopo,2012,6,Gebaeude,2016_Aufbau,,,,9384,830EFFEB-9FFA-465C-A896-AE6FAA35728B,2019/12/04,2011/04/13,TLM,2019,Gemeindegebiet,5398,CH21040000,CH21000000,Gambarogno,0,6539.000000000000000,1360.000000000000000,CH,CH21045398,5154,17,ABC10C09-F0B8-4218-AC02-E7587EA24846,2013/07/15,Land,CH,41291.739999999997963,Schweiz#Suisse#Svizzera#Svizra,8544527,41291737423.214187622070312,"5398, 9711",maggio_communes,/home/mwshovel/dev/analyst/jan12/munis/maggio_communes.shp|layername=maggio_communes,san-nazzaro-gambarogno,26208.615
{EE69A62F-A070-4400-99BD-296F74C122F3},2015/10/01,2009/08/18,2008,8,2014,6,verbessert,swisstopo,2014,6,Gebaeude,2015_Aufbau,,,,9494,9909CF0C-B906-4E70-ADC9-20B3A574DA99,2019/12/04,2009/03/25,TLM,2019,Gemeindegebiet,3298,CH17250000,CH17000000,Walenstadt,0,4884.000000000000000,316.000000000000000,CH,CH17253298,5590,17,ABC10C09-F0B8-4218-AC02-E7587EA24846,2013/07/15,Land,CH,41291.739999999997963,Schweiz#Suisse#Svizzera#Svizra,8544527,41291737423.214187622070312,"3298, 3276",walensee_communes,/home/mwshovel/dev/analyst/jan12/munis/walensee_communes.shp|layername=walensee_communes,walensee_walenstadt_wysse,19659.290
{1CEF3FB6-453C-4653-8FC0-FBF52BE61B9C},2016/07/19,2009/02/19,2005,6,2018,6,verbessert,swisstopo,2015,6,Offenes Gebaeude,2018_Aufbau,,,,17066,8FD5BCDA-1024-4A00-B1B5-55F03023DCDA,2019/12/04,2009/03/25,TLM,2019,Gemeindegebiet,740,CH02420000,CH02000000,Ligerz,0,179.000000000000000,-29998.000000000000000,CH,CH02420740,550,17,ABC10C09-F0B8-4218-AC02-E7587EA24846,2013/07/15,Land,CH,41291.739999999997963,Schweiz#Suisse#Svizzera#Svizra,8544527,41291737423.214187622070312,740,bielersee_communes,/home/mwshovel/dev/analyst/jan12/munis/bielersee_communes.shp|layername=bielersee_communes,ligerz-strand,13982.721
{1F397F2C-789E-4855-BDB8-9CA0A8B87696},2016/09/14,2016/09/14,2016,9,2019,6,verbessert,3D-GebCH_T2016,2015,6,Gebaeude,2018_Aufbau,,,,15173,6CA1D458-32FE-42DE-A796-2B11CECD6086,2019/12/04,2009/03/25,TLM,2019,Gemeindegebiet,5091,CH21040000,CH21000000,Ascona,0,1216.000000000000000,721.000000000000000,CH,CH21045091,5515,17,ABC10C09-F0B8-4218-AC02-E7587EA24846,2013/07/15,Land,CH,41291.739999999997963,Schweiz#Suisse#Svizzera#Svizra,8544527,41291737423.214187622070312,"5091, 5125",maggio_communes,/home/mwshovel/dev/analyst/jan12/munis/maggio_communes.shp|layername=maggio_communes,sentiero-giro-del-golf-spiaggia,7749.124
{9625DC6D-EC55-4773-ACB3-863512ABFC75},2019/01/11,2009/02/19,2005,6,2018,6,verbessert,swisstopo,2018,6,Gebaeude,2018_Aufbau,,,,10628,01D52220-0A6C-4964-8C08-008064EA1A89,2019/12/04,2009/03/25,TLM,2019,Gemeindegebiet,371,CH02420000,CH02000000,Biel/Bienne,0,2121.000000000000000,2.000000000000000,CH,CH02420371,54456,17,ABC10C09-F0B8-4218-AC02-E7587EA24846,2013/07/15,Land,CH,41291.739999999997963,Schweiz#Suisse#Svizzera#Svizra,8544527,41291737423.214187622070312,"371, 449,",bielersee_communes,/home/mwshovel/dev/analyst/jan12/munis/bielersee_communes.shp|layername=bielersee_communes,strandboden-biel,48346.313
{86803780-4C33-43E9-90BB-C91F3AD3AF63},2013/07/19,2013/07/19,2010,6,2014,6,verbessert,swisstopo,2010,6,Treibhaus,1412_Aufbau,,,,9112,4631EE61-8202-4217-A0F1-CC8AFEE13211,2019/12/04,2009/03/25,TLM,2019,Gemeindegebiet,261,CH01120000,CH01000000,Zürich,0,9188.000000000000000,395.000000000000000,CH,CH01120261,402762,17,ABC10C09-F0B8-4218-AC02-E7587EA24846,2013/07/15,Land,CH,41291.739999999997963,Schweiz#Suisse#Svizzera#Svizra,8544527,41291737423.214187622070312,"261, 9051,",zurichsee_communes,/home/mwshovel/dev/analyst/jan12/munis/zurichsee_communes.shp|layername=zurichsee_communes,katzenbach_zuerich_sanesim,36281.557
{97A70174-FC3C-4BE5-BC85-B4120432627A},2019/09/30,2017/01/30,2017,1,2018,6,real,swisstopo,2018,6,Gebaeude,2017_Aufbau,,,,11117,944A2362-70A2-4FE2-96B9-786A16DD510F,2019/12/04,2009/03/25,TLM,2019,Gemeindegebiet,768,CH02490000,CH02000000,Spiez,0,1672.000000000000000,2.000000000000000,CH,CH02490768,12713,17,ABC10C09-F0B8-4218-AC02-E7587EA24846,2013/07/15,Land,CH,41291.739999999997963,Schweiz#Suisse#Svizzera#Svizra,8544527,41291737423.214187622070312,"768, 767,",thun_communes,/home/mwshovel/dev/analyst/jan12/munis/thun_communes.shp|layername=thun_communes,delta-park,11503.861
{5B9CCEA0-1982-4D83-988E-484CCB0C04F2},2014/12/09,2011/06/10,2010,4,2016,6,verbessert,swisstopo,2013,6,Gebaeude,2017_Aufbau,,,,9803,4393F97F-2AD4-4BB0-B180-0CCD9E7D34A4,2019/12/04,2009/03/25,TLM,2019,Gemeindegebiet,5886,CH22300000,CH22000000,Montreux,0,3345.000000000000000,4.000000000000000,CH,CH22305886,26629,17,ABC10C09-F0B8-4218-AC02-E7587EA24846,2013/07/15,Land,CH,41291.739999999997963,Schweiz#Suisse#Svizzera#Svizra,8544527,41291737423.214187622070312,"5886, 5881",leman_communes,/home/mwshovel/dev/analyst/jan12/munis/leman_communes.shp|layername=leman_communes,baye-de-montreux-g,100074.609
{20AD48C9-067A-4885-9308-A5A65CDC2337},2016/02/03,2016/02/03,2016,2,2017,6,verbessert,3D-GebCH_T2016,2015,6,Gebaeude,2018_Aufbau,,,,12828,E5BFEDCA-3902-4183-9047-423BD8D12BC3,2019/12/04,2017/01/17,TLM,2019,Gemeindegebiet,2055,CH10010000,CH10000000,Cheyres-Châbles,0,2233.000000000000000,1260.000000000000000,CH,CH10012055,2222,17,ABC10C09-F0B8-4218-AC02-E7587EA24846,2013/07/15,Land,CH,41291.739999999997963,Schweiz#Suisse#Svizzera#Svizra,8544527,41291737423.214187622070312,"2055, 2054",neuch_communes,/home/mwshovel/dev/analyst/jan12/munis/neuch_communes.shp|layername=neuch_communes,ruisseau-de-la-croix-plage,8036.951
{C5E4A542-45E0-462B-8DD3-F74FBA54F96F},2018/11/27,2008/03/19,2002,6,2014,6,verbessert,swisstopo,2014,6,Gebaeude,2015_Aufbau,,,,8976,64DE9F95-2913-4C78-9DA0-876BC8363F40,2019/12/04,2011/04/12,TLM,2019,Gemeindegebiet,1630,N/A,CH08000000,Glarus Nord,0,15161.000000000000000,461.000000000000000,CH,CH08001630,18057,17,ABC10C09-F0B8-4218-AC02-E7587EA24846,2013/07/15,Land,CH,41291.739999999997963,Schweiz#Suisse#Svizzera#Svizra,8544527,41291737423.214187622070312,"1630, 1632",walensee_communes,/home/mwshovel/dev/analyst/jan12/munis/walensee_communes.shp|layername=walensee_communes,linthdammweg,57319.144
{AA09AD3D-0951-4730-A4BF-E9570B5D0A70},2013/12/03,2011/02/22,2010,3,2016,6,verbessert,swisstopo,2013,6,Gebaeude,2016_Aufbau,,,,13814,12B5725B-22B5-4908-A03B-51142CA758C8,2019/12/04,2009/03/25,TLM,2019,Gemeindegebiet,356,CH02460000,CH02000000,Muri bei Bern,0,763.000000000000000,-29998.000000000000000,CH,CH02460356,13037,17,ABC10C09-F0B8-4218-AC02-E7587EA24846,2013/07/15,Land,CH,41291.739999999997963,Schweiz#Suisse#Svizzera#Svizra,8544527,41291737423.214187622070312,"356, 363,",aare_communes,/home/mwshovel/dev/analyst/jan12/munis/aare_communes.shp|layername=aare_communes,aare_bern_caveltin,15056.275
{D50CEFAF-D0B1-4284-B42C-E9A53C7BF5B3},2014/12/09,2011/06/09,2010,4,2016,6,verbessert,swisstopo,2013,6,Gebaeude,2017_Aufbau,,,,16312,DA126FF2-9194-49CB-AB4C-3AC2D69DCDFA,2019/12/04,2009/03/25,TLM,2019,Gemeindegebiet,5889,CH22300000,CH22000000,La Tour-de-Peilz,0,328.000000000000000,2.000000000000000,CH,CH22305889,11652,17,ABC10C09-F0B8-4218-AC02-E7587EA24846,2013/07/15,Land,CH,41291.739999999997963,Schweiz#Suisse#Svizzera#Svizra,8544527,41291737423.214187622070312,"5889, 5890",leman_communes,/home/mwshovel/dev/analyst/jan12/munis/leman_communes.shp|layername=leman_communes,bain-des-dames,78554.067
{071794B6-71E4-4F67-BDFD-C608DA89D5C8},2013/08/07,2013/08/07,2010,7,2013,6,verbessert,swisstopo,2010,7,Sakrales Gebaeude,1412_Aufbau,,,,12032,E0599271-2CB3-4AB1-BE0C-80B68E323355,2019/12/04,2009/03/25,TLM,2019,Gemeindegebiet,154,CH01070000,CH01000000,Küsnacht (ZH),0,1236.000000000000000,-29998.000000000000000,CH,CH01070154,14192,17,ABC10C09-F0B8-4218-AC02-E7587EA24846,2013/07/15,Land,CH,41291.739999999997963,Schweiz#Suisse#Svizzera#Svizra,8544527,41291737423.214187622070312,"154, 152,",zurichsee_communes,/home/mwshovel/dev/analyst/jan12/munis/zurichsee_communes.shp|layername=zurichsee_communes,zurichsee_kusnachterhorn_thirkell-whitej,61921.777
{101931EA-C37E-442D-9CC1-625B1B5175FD},2017/01/19,2013/10/18,2012,3,2019,6,verbessert,swisstopo,2015,6,Kapelle,2018_Aufbau,,,,15173,6CA1D458-32FE-42DE-A796-2B11CECD6086,2019/12/04,2009/03/25,TLM,2019,Gemeindegebiet,5091,CH21040000,CH21000000,Ascona,0,1216.000000000000000,721.000000000000000,CH,CH21045091,5515,17,ABC10C09-F0B8-4218-AC02-E7587EA24846,2013/07/15,Land,CH,41291.739999999997963,Schweiz#Suisse#Svizzera#Svizra,8544527,41291737423.214187622070312,"5091, 5125",maggio_communes,/home/mwshovel/dev/analyst/jan12/munis/maggio_communes.shp|layername=maggio_communes,ascona-traghetto-spiaggia,127214.556
{D8D6C9E6-9820-4EA4-B350-CF414859F3E0},2014/05/12,2014/05/12,2013,6,2013,6,verbessert,swisstopo,2013,6,Hochkamin,1412_Aufbau,,,,14907,25627AD8-9B62-41E3-A261-61DA829D9AE5,2019/12/04,2009/03/25,TLM,2019,Gemeindegebiet,4029,CH19020000,CH19000000,Gebenstorf,0,565.000000000000000,-29998.000000000000000,CH,CH19024029,5157,17,ABC10C09-F0B8-4218-AC02-E7587EA24846,2013/07/15,Land,CH,41291.739999999997963,Schweiz#Suisse#Svizzera#Svizra,8544527,41291737423.214187622070312,"4029, 4123",aare_communes,/home/mwshovel/dev/analyst/jan12/munis/aare_communes.shp|layername=aare_communes,aare_brugg_buchie,36490.761
{E3E2C0D1-2C10-46BE-AF6C-28DB945EDD97},2013/08/27,2013/08/27,2010,6,2013,6,verbessert,swisstopo,2010,6,Kapelle,1412_Aufbau,,,,15384,AAD9738D-ED8F-452C-B1F3-DB1C8BDDACFD,2019/12/04,2009/03/25,TLM,2019,Gemeindegebiet,155,CH01070000,CH01000000,Männedorf,0,477.000000000000000,-29998.000000000000000,CH,CH01070155,10830,17,ABC10C09-F0B8-4218-AC02-E7587EA24846,2013/07/15,Land,CH,41291.739999999997963,Schweiz#Suisse#Svizzera#Svizra,8544527,41291737423.214187622070312,"155, 159",zurichsee_communes,/home/mwshovel/dev/analyst/jan12/munis/zurichsee_communes.shp|layername=zurichsee_communes,zuerichsee_maennedorf_vanderkaadene,78894.406
{42A9B4C7-9AEA-4058-BDAF-823DDEAAD044},2014/10/27,2011/05/09,2010,4,2016,6,verbessert,swisstopo,2013,6,Gebaeude,2017_Aufbau,,,,16829,08136E72-33F8-4863-AE5A-18A3917F117F,2019/12/04,2009/03/25,TLM,2019,Gemeindegebiet,5890,CH22300000,CH22000000,Vevey,0,241.000000000000000,1.000000000000000,CH,CH22305890,19780,17,ABC10C09-F0B8-4218-AC02-E7587EA24846,2013/07/15,Land,CH,41291.739999999997963,Schweiz#Suisse#Svizzera#Svizra,8544527,41291737423.214187622070312,"5890, 5883",leman_communes,/home/mwshovel/dev/analyst/jan12/munis/leman_communes.shp|layername=leman_communes,quai-maria-belgia,89443.062
{488037D8-3B56-4CCD-A60E-81A0EFC78840},2018/06/12,2013/07/18,2010,6,2016,6,verbessert,swisstopo,2016,6,Flugdach,1412_Aufbau,,,,9112,4631EE61-8202-4217-A0F1-CC8AFEE13211,2019/12/04,2009/03/25,TLM,2019,Gemeindegebiet,261,CH01120000,CH01000000,Zürich,0,9188.000000000000000,395.000000000000000,CH,CH01120261,402762,17,ABC10C09-F0B8-4218-AC02-E7587EA24846,2013/07/15,Land,CH,41291.739999999997963,Schweiz#Suisse#Svizzera#Svizra,8544527,41291737423.214187622070312,"261, 9051,",zurichsee_communes,/home/mwshovel/dev/analyst/jan12/munis/zurichsee_communes.shp|layername=zurichsee_communes,zurcher-strand,161199.826
{93CE087C-31AF-4870-9AF2-8C7F22CDD646},2014/12/09,2011/06/09,2010,4,2016,6,verbessert,swisstopo,2013,6,Gebaeude,2017_Aufbau,,,,16312,DA126FF2-9194-49CB-AB4C-3AC2D69DCDFA,2019/12/04,2009/03/25,TLM,2019,Gemeindegebiet,5889,CH22300000,CH22000000,La Tour-de-Peilz,0,328.000000000000000,2.000000000000000,CH,CH22305889,11652,17,ABC10C09-F0B8-4218-AC02-E7587EA24846,2013/07/15,Land,CH,41291.739999999997963,Schweiz#Suisse#Svizzera#Svizra,8544527,41291737423.214187622070312,"5889, 5890",leman_communes,/home/mwshovel/dev/analyst/jan12/munis/leman_communes.shp|layername=leman_communes,ognonnaz-1,101669.211
{05ADD605-266C-4F2F-B4E4-68C79BF1A527},2014/05/26,2010/05/07,2009,6,2015,6,verbessert,swisstopo,2012,6,Gebaeude,2016_Aufbau,,,,17083,5512B7F8-7A59-41D3-847C-4AD198CF4D07,2019/12/04,2009/03/25,TLM,2019,Gemeindegebiet,5648,CH22290000,CH22000000,Saint-Sulpice (VD),0,186.000000000000000,-29998.000000000000000,CH,CH22295648,4148,17,ABC10C09-F0B8-4218-AC02-E7587EA24846,2013/07/15,Land,CH,41291.739999999997963,Schweiz#Suisse#Svizzera#Svizra,8544527,41291737423.214187622070312,"5648, 5632",leman_communes,/home/mwshovel/dev/analyst/jan12/munis/leman_communes.shp|layername=leman_communes,plage-de-st-sulpice,31810.232
{80247E7F-950E-4638-A9E5-23C83E385A6B},2019/11/21,2010/05/06,2009,6,2017,6,verbessert,swisstopo,2017,6,Gebaeude,2016_Aufbau,,,,15962,F4922D3F-DB46-4E03-AF0D-D422A9357616,2019/12/04,2009/03/25,TLM,2019,Gemeindegebiet,5642,CH22270000,CH22000000,Morges,0,383.000000000000000,-29998.000000000000000,CH,CH22275642,15889,17,ABC10C09-F0B8-4218-AC02-E7587EA24846,2013/07/15,Land,CH,41291.739999999997963,Schweiz#Suisse#Svizzera#Svizra,8544527,41291737423.214187622070312,"5642, 5638",leman_communes,/home/mwshovel/dev/analyst/jan12/munis/leman_communes.shp|layername=leman_communes,la-morges,32999.768
{3B9388D1-5A7B-4610-BB38-8B9DBEEB6394},2014/05/26,2011/06/06,2009,6,2015,6,verbessert,swisstopo,2012,6,Gebaeude,2016_Aufbau,,,,17083,5512B7F8-7A59-41D3-847C-4AD198CF4D07,2019/12/04,2009/03/25,TLM,2019,Gemeindegebiet,5648,CH22290000,CH22000000,Saint-Sulpice (VD),0,186.000000000000000,-29998.000000000000000,CH,CH22295648,4148,17,ABC10C09-F0B8-4218-AC02-E7587EA24846,2013/07/15,Land,CH,41291.739999999997963,Schweiz#Suisse#Svizzera#Svizra,8544527,41291737423.214187622070312,"5648, 5632",leman_communes,/home/mwshovel/dev/analyst/jan12/munis/leman_communes.shp|layername=leman_communes,parc-des-pierrettes,26085.707
{3C53168A-AD23-4B99-A5ED-F2BFB5FF27BD},2018/03/08,2014/06/27,2013,6,2016,6,verbessert,swisstopo,2016,6,Gebaeude,1412_Aufbau,,,,9112,4631EE61-8202-4217-A0F1-CC8AFEE13211,2019/12/04,2009/03/25,TLM,2019,Gemeindegebiet,261,CH01120000,CH01000000,Zürich,0,9188.000000000000000,395.000000000000000,CH,CH01120261,402762,17,ABC10C09-F0B8-4218-AC02-E7587EA24846,2013/07/15,Land,CH,41291.739999999997963,Schweiz#Suisse#Svizzera#Svizra,8544527,41291737423.214187622070312,"261, 9051,",zurichsee_communes,/home/mwshovel/dev/analyst/jan12/munis/zurichsee_communes.shp|layername=zurichsee_communes,limmat_zuerich_suterdglauserp,199227.075
{EE69A62F-A070-4400-99BD-296F74C122F3},2015/10/01,2009/08/18,2008,8,2014,6,verbessert,swisstopo,2014,6,Gebaeude,2015_Aufbau,,,,9494,9909CF0C-B906-4E70-ADC9-20B3A574DA99,2019/12/04,2009/03/25,TLM,2019,Gemeindegebiet,3298,CH17250000,CH17000000,Walenstadt,0,4884.000000000000000,316.000000000000000,CH,CH17253298,5590,17,ABC10C09-F0B8-4218-AC02-E7587EA24846,2013/07/15,Land,CH,41291.739999999997963,Schweiz#Suisse#Svizzera#Svizra,8544527,41291737423.214187622070312,"3298, 3276",walensee_communes,/home/mwshovel/dev/analyst/jan12/munis/walensee_communes.shp|layername=walensee_communes,seez,30113.504
{48458620-E933-44CC-B9AE-394AD5637BA4},2016/03/17,2016/01/15,2016,1,2015,6,verbessert,swisstopo,2015,6,Flugdach,2016_Aufbau,,,,11258,CBB0995E-73FB-48AD-A9E4-14C75F740FCE,2019/12/04,2009/03/25,TLM,2019,Gemeindegebiet,6621,N/A,CH25000000,Genève,0,1830.000000000000000,237.000000000000000,CH,CH25006621,198979,17,ABC10C09-F0B8-4218-AC02-E7587EA24846,2013/07/15,Land,CH,41291.739999999997963,Schweiz#Suisse#Svizzera#Svizra,8544527,41291737423.214187622070312,"6621, 6643",leman_communes,/home/mwshovel/dev/analyst/jan12/munis/leman_communes.shp|layername=leman_communes,arve_carouge_battistellak,8932.358
{A5B825D5-975F-473E-BD2A-552F68C6ACF2},2013/07/18,2013/07/18,2010,6,2014,6,verbessert,swisstopo,2010,6,Hochkamin,1412_Aufbau,,,,9112,4631EE61-8202-4217-A0F1-CC8AFEE13211,2019/12/04,2009/03/25,TLM,2019,Gemeindegebiet,261,CH01120000,CH01000000,Zürich,0,9188.000000000000000,395.000000000000000,CH,CH01120261,402762,17,ABC10C09-F0B8-4218-AC02-E7587EA24846,2013/07/15,Land,CH,41291.739999999997963,Schweiz#Suisse#Svizzera#Svizra,8544527,41291737423.214187622070312,"261, 9051,",zurichsee_communes,/home/mwshovel/dev/analyst/jan12/munis/zurichsee_communes.shp|layername=zurichsee_communes,glatt_oerlikon_covosn,82378.302
{C5E4A542-45E0-462B-8DD3-F74FBA54F96F},2018/11/27,2008/03/19,2002,6,2014,6,verbessert,swisstopo,2014,6,Gebaeude,2015_Aufbau,,,,8976,64DE9F95-2913-4C78-9DA0-876BC8363F40,2019/12/04,2011/04/12,TLM,2019,Gemeindegebiet,1630,N/A,CH08000000,Glarus Nord,0,15161.000000000000000,461.000000000000000,CH,CH08001630,18057,17,ABC10C09-F0B8-4218-AC02-E7587EA24846,2013/07/15,Land,CH,41291.739999999997963,Schweiz#Suisse#Svizzera#Svizra,8544527,41291737423.214187622070312,"1630, 1632",walensee_communes,/home/mwshovel/dev/analyst/jan12/munis/walensee_communes.shp|layername=walensee_communes,linth_mollis,45506.120
{195A4FE0-3230-4EC7-9D3C-E0401B3AAF17},2016/09/30,2016/09/30,2016,9,2019,6,verbessert,3D-GebCH_T2016,2015,6,Gebaeude,2018_Aufbau,,,,9384,830EFFEB-9FFA-465C-A896-AE6FAA35728B,2019/12/04,2011/04/13,TLM,2019,Gemeindegebiet,5398,CH21040000,CH21000000,Gambarogno,0,6539.000000000000000,1360.000000000000000,CH,CH21045398,5154,17,ABC10C09-F0B8-4218-AC02-E7587EA24846,2013/07/15,Land,CH,41291.739999999997963,Schweiz#Suisse#Svizzera#Svizra,8544527,41291737423.214187622070312,"5398, 9711",maggio_communes,/home/mwshovel/dev/analyst/jan12/munis/maggio_communes.shp|layername=maggio_communes,vira-gambarogno,33477.172
{8CA1090D-5493-4E39-81B6-B57D0ADB0218},2019/01/11,2009/02/19,2005,6,2018,6,verbessert,swisstopo,2018,6,Gebaeude,2018_Aufbau,,,,10628,01D52220-0A6C-4964-8C08-008064EA1A89,2019/12/04,2009/03/25,TLM,2019,Gemeindegebiet,371,CH02420000,CH02000000,Biel/Bienne,0,2121.000000000000000,2.000000000000000,CH,CH02420371,54456,17,ABC10C09-F0B8-4218-AC02-E7587EA24846,2013/07/15,Land,CH,41291.739999999997963,Schweiz#Suisse#Svizzera#Svizra,8544527,41291737423.214187622070312,"371, 449,",bielersee_communes,/home/mwshovel/dev/analyst/jan12/munis/bielersee_communes.shp|layername=bielersee_communes,mullermatte,11453.662
{64AD45A3-FFC9-43EE-9A37-4892AECAE92E},2016/06/21,2011/01/13,2010,3,2016,6,verbessert,swisstopo,2016,6,Gebaeude,2016_Aufbau,,,,10852,9D2F1D56-E253-4A7C-A07F-CE38E27C3871,2019/12/04,2009/03/25,TLM,2019,Gemeindegebiet,6458,N/A,CH24000000,Neuchâtel,0,1815.000000000000000,9.000000000000000,CH,CH24006458,33772,17,ABC10C09-F0B8-4218-AC02-E7587EA24846,2013/07/15,Land,CH,41291.739999999997963,Schweiz#Suisse#Svizzera#Svizra,8544527,41291737423.214187622070312,"6458, 6453",neuch_communes,/home/mwshovel/dev/analyst/jan12/munis/neuch_communes.shp|layername=neuch_communes,evole-plage,123279.613
{2DD75568-43B4-4211-B7C0-375B369FE0A8},2014/02/26,2011/08/04,2010,4,2016,6,verbessert,swisstopo,2013,6,Gebaeude,2017_Aufbau,,,,11396,F11A6F82-982A-43AB-9086-4DE275F03573,2019/12/04,2009/03/25,TLM,2019,Gemeindegebiet,6217,CH23100000,CH23000000,Saint-Maurice,0,1492.000000000000000,-29998.000000000000000,CH,CH23106217,4566,17,ABC10C09-F0B8-4218-AC02-E7587EA24846,2013/07/15,Land,CH,41291.739999999997963,Schweiz#Suisse#Svizzera#Svizra,8544527,41291737423.214187622070312,"6217, 6220",rhone_communes,/home/mwshovel/dev/analyst/jan12/munis/rhone_communes.shp|layername=rhone_communes,lavey-les-bains,47623.787
{158B5ED2-4DB1-4211-88F6-38788EFB3524},2014/07/23,2014/06/27,2013,6,2014,6,verbessert,swisstopo,2013,6,Gebaeude,1412_Aufbau,,,,9112,4631EE61-8202-4217-A0F1-CC8AFEE13211,2019/12/04,2009/03/25,TLM,2019,Gemeindegebiet,261,CH01120000,CH01000000,Zürich,0,9188.000000000000000,395.000000000000000,CH,CH01120261,402762,17,ABC10C09-F0B8-4218-AC02-E7587EA24846,2013/07/15,Land,CH,41291.739999999997963,Schweiz#Suisse#Svizzera#Svizra,8544527,41291737423.214187622070312,"261, 9051,",zurichsee_communes,/home/mwshovel/dev/analyst/jan12/munis/zurichsee_communes.shp|layername=zurichsee_communes,limmat_zurich_mortensena_meiera,102550.396
{EEF9BBAE-B9A3-44C0-8D9E-C79DAB5A0387},2014/12/09,2011/06/09,2010,4,2016,6,verbessert,swisstopo,2013,6,Gebaeude,2017_Aufbau,,,,16312,DA126FF2-9194-49CB-AB4C-3AC2D69DCDFA,2019/12/04,2009/03/25,TLM,2019,Gemeindegebiet,5889,CH22300000,CH22000000,La Tour-de-Peilz,0,328.000000000000000,2.000000000000000,CH,CH22305889,11652,17,ABC10C09-F0B8-4218-AC02-E7587EA24846,2013/07/15,Land,CH,41291.739999999997963,Schweiz#Suisse#Svizzera#Svizra,8544527,41291737423.214187622070312,"5889, 5890",leman_communes,/home/mwshovel/dev/analyst/jan12/munis/leman_communes.shp|layername=leman_communes,oyonne,113022.003
