UUID,DATUM_AEND,DATUM_ERST,ERSTELL_J,ERSTELL_M,REVISION_J,REVISION_M,GRUND_AEND,HERKUNFT,HERKUNFT_J,HERKUNFT_M,OBJEKTART,REVISION_Q,KUNSTBAUTE,WANDERWEGE,BEFAHRBARK,EROEFFNUNG,STUFE,RICHTUNGSG,STR_NAME_U,NAME,BELAGSART,KREISEL,VERKEHRSBE,EIGENTUEME,VERKEHRSBD,slug,water_name,city_slug,length
{7CC30ADF-504F-4DA6-9C5A-A510D3694525},2015/04/16,2009/04/27,2004,4,2016,6,verbessert,swisstopo,2010,4,Autobahn,2017_Aufbau,Keine,,k_W,,0,Wahr,,,Hart,Falsch,,Bund,Hochleistungsstrasse,baye-de-montreux-d,Lac Léman,montreux,28733.272
{13B22A41-66B0-4BD6-81CF-07F8D0F94A8B},2018/02/09,2011/09/13,2011,4,2018,11,verbessert,swisstopo,2017,6,6m Strasse,2018_Aufbau,Keine,,k_W,,0,Falsch,,,Hart,Falsch,,Kanton,Verbindungsstrasse,la-petite-plage,Neuenburgersee,yverdon-les-bains,31675.305
{14E5F0B5-6F81-41BF-BAC0-C352D2D28057},2016/02/04,2007/09/20,2002,,2014,6,verbessert,swisstopo,2014,6,Autobahn,2015_Aufbau,Bruecke,,k_W,,1,Wahr,,,Hart,Falsch,,Bund,Hochleistungsstrasse,seez_spennwiesenbrucke,Seez,walenstadt,43182.731
{CDBCF7C9-6DB7-4238-9B7D-B13EAE8925A7},2016/02/04,2007/09/20,2002,,2014,6,verbessert,swisstopo,2014,6,Autobahn,2015_Aufbau,Tunnel,,k_W,,-3,Wahr,{93AB5FA2-93C1-4210-837D-C34F4B5B4506},Kerenzertunnel,Hart,Falsch,,Bund,Hochleistungsstrasse,gasi-strand,Walensee,weesen,22266.452
{4025BFAC-AC8F-4779-8D21-3DCDEE2EB395},2015/05/22,2009/04/27,2005,4,2018,6,verbessert,swisstopo,2009,5,Autobahn,2018_Aufbau,Keine,,k_W,,0,Wahr,,,Hart,Falsch,,Bund,Hochleistungsstrasse,birskopfli-rusco,Birs,birsfelden,82066.299
{4896C68A-8036-48BC-B830-623825FDB968},2010/03/01,2009/03/04,2004,3,2016,6,verbessert,swisstopo,2009,6,1m Weg,2016_Aufbau,Keine,,k_W,,0,k_W,,,Natur,k_W,,k_W,k_W,lacleman_gland_kubela,Lac Léman,gland,21038.408
{9F3B632A-4A81-4052-8E08-4A4BEEBDBDF2},2016/02/04,2007/09/20,2002,,2014,6,verbessert,swisstopo,2014,6,Autobahn,2015_Aufbau,Keine,,k_W,,0,Wahr,,,Hart,Falsch,,Bund,Hochleistungsstrasse,murg_waengi_strickerr,Murg,wangi,34764.121
{46C3BAB2-C4C2-486F-B810-A3ED6EFA0F13},2016/02/11,2007/09/20,2000,,2013,6,verbessert,swisstopo,2013,6,10m Strasse,1412_Aufbau,Keine,,k_W,,0,Falsch,,,Hart,Falsch,,Kanton,Durchgangsstrasse,kusnachter-dorfbach-tobelweg-1-4,Dorfbach,kusnacht,52158.123
{A7D02D46-A248-4C06-9EE4-1132F867028D},2011/12/19,2007/09/20,2000,,2013,6,verbessert,swisstopo,2010,6,1m Weg,2015_Aufbau,Keine,,k_W,,0,k_W,,,Natur,k_W,,k_W,k_W,sihl_menzingen_kucharska_magdalena,Sihl,menzingen,18741.225
{4D814F29-5790-4E5B-BA5D-4A5EA21687D2},2015/04/16,2009/04/27,2004,4,2016,6,verbessert,swisstopo,2010,4,10m Strasse,2017_Aufbau,Keine,,k_W,,0,Falsch,,,Hart,Falsch,,Kanton,Durchgangsstrasse,lac-leman-hammerdirt,Lac Léman,la-tour-de-peilz,30345.628
{1430BB37-34D5-44C6-89E7-85D01410244C},2015/04/13,2009/04/27,2004,4,2016,6,verbessert,swisstopo,2010,4,6m Strasse,2017_Aufbau,Keine,,k_W,,0,Falsch,,,Hart,Falsch,,Kanton,Durchgangsstrasse,oyonne,Lac Léman,la-tour-de-peilz,49794.043
{05EE4173-21B3-4496-A990-0FE22FF884A5},2015/10/07,2007/09/20,2000,,2013,6,verbessert,swisstopo,2010,6,Autobahn,1412_Aufbau,Keine,,k_W,,0,Wahr,,,Hart,Falsch,,Bund,Hochleistungsstrasse,limmat_dietikon_keiserp,Limmat,dietikon,55938.628
{70A2EFC6-0546-4BF3-899C-1635EDCD5071},2019/07/05,2011/08/23,2011,3,2019,7,verbessert,swisstopo,2019,7,10m Strasse,2018_Aufbau,Keine,,k_W,,0,Falsch,,,Hart,Falsch,,Kanton,Durchgangsstrasse,spackmatt,Aare,luterbach,39805.234
{DAF4053A-D6E4-428C-B7B5-E4819FB63696},2016/06/08,2009/04/27,2006,4,2018,6,verbessert,swisstopo,2015,6,6m Strasse,2018_Aufbau,Keine,,k_W,,0,Falsch,,,Hart,Falsch,,Kanton,Durchgangsstrasse,ascona-traghetto-spiaggia,Lago Maggiore,ascona,38767.524
{14E5F0B5-6F81-41BF-BAC0-C352D2D28057},2016/02/04,2007/09/20,2002,,2014,6,verbessert,swisstopo,2014,6,Autobahn,2015_Aufbau,Bruecke,,k_W,,1,Wahr,,,Hart,Falsch,,Bund,Hochleistungsstrasse,seez,Seez,walenstadt,31437.827
{B13A7F9A-94D0-43E9-AC64-0CF2B6425AE9},2019/02/01,2009/04/27,2005,4,2019,10,verbessert,swisstopo,2018,6,4m Strasse,2018_Aufbau,Keine,Wanderweg,k_W,,0,Falsch,,,Hart,Falsch,,Kanton,Verbindungsstrasse,luscherz-two,Bielersee,luscherz,19806.270
{AB233186-BFBB-40B8-84E1-3A7285D66D08},2017/11/28,2009/03/04,2004,3,2017,6,verbessert,swisstopo,2017,6,Autobahn,2016_Aufbau,Keine,,k_W,,0,Wahr,,,Hart,Falsch,,Bund,Hochleistungsstrasse,rolle-plage,Lac Léman,rolle,34825.256
{097586F7-EDDB-4ABF-9E72-98CDC037B2FA},2019/12/02,2009/04/27,2004,4,2017,6,verbessert,swisstopo,2017,6,Autobahn,2017_Aufbau,Tunnel,,k_W,,-2,Wahr,{9F46FA3F-024B-4049-BEB9-DE08C155E6B0},Galerie de Champsec,Hart,Falsch,,Bund,Hochleistungsstrasse,les-vieux-ronquoz,Rhône,sion,56184.230
{1FB2A0CA-35F3-4665-82AC-52DB5E779104},2018/02/27,2011/10/13,2010,6,2016,6,verbessert,swisstopo,2016,6,Ausfahrt,1412_Aufbau,Keine,,k_W,,0,Wahr,,,Hart,k_W,,Kanton,Hochleistungsstrasse,limmat_zuerich_suterdglauserp,Limmat,zurich,70507.804
{F021BEC3-B327-472F-8465-07ACA532E643},2019/11/26,2009/04/27,2005,4,2019,10,verbessert,swisstopo,2019,6,Autostrasse,2018_Aufbau,Bruecke,,k_W,,1,Falsch,,,Hart,Falsch,,Bund,Hochleistungsstrasse,aare_post,Aare|Nidau-Büren-Kanal,port,43932.675
{00019F21-190F-42B7-9E4E-456C02CDDF62},2019/11/25,2007/09/20,2002,,2019,6,verbessert,swisstopo,2019,6,6m Strasse,2015_Aufbau,Keine,,k_W,,0,Falsch,,,Hart,Falsch,,Kanton,Durchgangsstrasse,mammern-swisslitterreport,Untersee,steckborn,18583.164
{B0999B16-7DE1-44B4-B4D7-2AC80A7B0E14},2019/02/14,2007/09/20,2002,,2019,2,verbessert,swisstopo,2019,2,10m Strasse,2015_Aufbau,Keine,,k_W,,0,Falsch,,,Hart,Falsch,,Kanton,Verbindungsstrasse,sihlsee_einsiedeln_schilligerllacherl,Sihlsee,einsiedeln,21641.089
{1C208223-A2A8-4CBF-B870-EECE7ECF77EF},2015/03/20,2009/03/04,2004,3,2015,6,verbessert,swisstopo,2009,6,Autobahn,2016_Aufbau,Keine,,k_W,,0,Wahr,,,Hart,Falsch,,Bund,Hochleistungsstrasse,vidy,Lac Léman,lausanne,45241.910
{EDC41A3C-6D96-4EAE-8DAA-45E470DB0677},2015/05/20,2009/04/27,2005,4,2019,10,verbessert,swisstopo,2011,3,4m Strasse,2018_Aufbau,Keine,,k_W,,0,Falsch,,,Hart,Falsch,,Kanton,Verbindungsstrasse,gals-reserve,Bielersee,gals,24046.196
{F46959B9-4E72-4EDF-A99C-6F307F4E8588},2019/05/24,2009/04/27,2005,4,2019,10,verbessert,swisstopo,2018,6,Autobahn,2018_Aufbau,Tunnel,,k_W,,-2,Wahr,{ABC4773B-CE81-4263-BC4F-899D58D317BB},Spitalhoftunnel,Hart,Falsch,,Bund,Hochleistungsstrasse,aare-solothurn-lido-strand,Aare,solothurn,36538.511
{E77C1CB2-280C-4A1F-AE37-415EB67B69C1},2019/11/11,2009/04/27,2006,4,2012,7,restrukturiert,swisstopo,2009,8,Autostrasse,1312_Aufbau,Keine,,k_W,,0,Falsch,,,Hart,Falsch,,Bund,Hochleistungsstrasse,wycheley,Brienzersee,brienze-be,23862.085
{8F672B27-F482-43B0-83B2-B346E481583D},2015/03/20,2009/03/04,2004,3,2015,6,verbessert,swisstopo,2009,6,Autobahn,2016_Aufbau,Keine,,k_W,,0,Wahr,,,Hart,Falsch,,Bund,Hochleistungsstrasse,cully-plage,Lac Léman,bourg-en-lavaux,31762.380
{9E4B9CD2-E447-4EC5-A3B3-7E35EE7289CE},2016/02/01,2007/09/20,2002,,2014,6,verbessert,swisstopo,2014,6,Autobahn,2015_Aufbau,Keine,,k_W,,0,Wahr,,,Hart,Falsch,,Bund,Hochleistungsstrasse,toss_winterthur-2,Töss,winterthur,50324.069
{D2344986-638F-4D67-9C29-09E8569EBF1C},2012/01/10,2007/09/20,2000,,2013,6,verbessert,swisstopo,2010,7,2m Weg,2015_Aufbau,Keine,,Falsch,,0,Falsch,,,Natur,k_W,,k_W,k_W,vierwaldstattersee_weggis_schoberls_3,Quatre Cantons,weggis,20140.016
{F964F873-C727-477A-B4A8-8B923AF5E96E},2015/03/16,2009/03/04,2004,3,2015,6,verbessert,swisstopo,2009,5,10m Strasse,2016_Aufbau,Keine,,k_W,,0,Falsch,,,Hart,Falsch,,ub,Durchgangsstrasse,baby-plage-geneva,Lac Léman,geneve,51547.349
{EB1E6B65-6E3F-496E-91EC-584DFC109783},2015/10/28,2009/07/27,2009,3,2015,6,verbessert,swisstopo,2015,6,6m Strasse,2016_Aufbau,Keine,,k_W,,0,Falsch,,,Hart,Falsch,,Kanton,Verbindungsstrasse,san-nazzaro-gambarogno,Lago Maggiore,gambarogno,22484.654
{B385854D-B467-43DD-ADCA-C54E951308AA},2015/03/20,2009/03/04,2004,3,2015,6,verbessert,swisstopo,2009,6,Autobahn,2016_Aufbau,Keine,,k_W,,0,Wahr,,,Hart,Falsch,,Bund,Hochleistungsstrasse,lacleman_vidy_santie,Lac Léman,lausanne,54504.266
{71F3D0A0-3CCD-4F42-AEE3-9C733C5DCFD6},2015/09/07,2009/04/27,2000,4,2013,6,verbessert,swisstopo,2010,7,6m Strasse,1412_Aufbau,Keine,,k_W,,0,Falsch,,,Hart,Falsch,,Kanton,Durchgangsstrasse,aare-limmatspitz,Aare,gebenstorf,45579.133
{0B167F38-CBBA-4B00-9701-C114DB61425C},2016/02/04,2007/09/20,2002,,2014,6,verbessert,swisstopo,2014,6,Autobahn,2015_Aufbau,Keine,,k_W,,0,Wahr,,,Hart,Falsch,,Bund,Hochleistungsstrasse,mols-rocks,Walensee,quarten,22874.377
{3F5F42EE-1565-4809-8164-7DCB33899973},2015/03/19,2009/08/12,2004,8,2016,6,verbessert,swisstopo,2010,4,Autobahn,2016_Aufbau,Keine,,k_W,,0,Wahr,,,Hart,Falsch,,Bund,Hochleistungsstrasse,sense_torishaus_g-cubes,Sense,koniz,32625.812
{2B66111A-DFFD-4663-9547-5267B100FCFB},2015/10/14,2009/03/04,2004,3,2015,6,verbessert,swisstopo,2015,6,10m Strasse,2016_Aufbau,Keine,,k_W,,0,Falsch,,,Hart,Falsch,,Kanton,Durchgangsstrasse,saint-sulpice,Lac Léman,saint-sulpice,27488.433
{F16DBBEE-1625-4804-80B2-D2BD26BDC8FA},2016/02/11,2007/09/20,2002,,2013,6,verbessert,swisstopo,2013,6,4m Strasse,1412_Aufbau,Keine,,k_W,,0,Falsch,,,Hart,Falsch,,ub,k_W,greifensee_uster_fischerb_1,Greifensee,uster,26032.724
{F8EA310C-6997-46E7-90DD-95C721255A75},2015/06/02,2009/04/27,2005,4,2019,10,verbessert,swisstopo,2011,4,10m Strasse,2018_Aufbau,Keine,,k_W,,0,Falsch,,,Hart,Falsch,,Kanton,Durchgangsstrasse,schusspark-strand,Schüss,biel,63533.324
{E6FB693B-2D60-41DC-8045-A8E3FF603E27},2016/06/09,2009/07/27,2009,3,2015,6,verbessert,swisstopo,2015,6,6m Strasse,2016_Aufbau,Keine,Bergwanderweg,k_W,,0,Falsch,,,Hart,Falsch,,Kanton,Verbindungsstrasse,pacha-mama-gerra,Lago Maggiore,gambarogno,13880.822
{94368501-588F-4336-ABFA-50C6F012D389},2018/02/28,2007/09/20,2002,,2016,6,verbessert,swisstopo,2016,6,2m Weg,1412_Aufbau,Keine,,Wahr,,0,Falsch,,,Natur,k_W,,ub,k_W,greifensee_maur_simmenc,Greifensee,maur,17273.174
{DA6C07B3-65E4-4930-B8D3-6FA87AB7F722},2016/12/20,2009/08/12,2004,8,2016,6,verbessert,swisstopo,2016,6,Autobahn,2016_Aufbau,Bruecke,,k_W,,2,Wahr,{557BF1B6-F64F-472F-993B-952398F89DB9},Felsenauviadukt,Hart,Falsch,,Bund,Hochleistungsstrasse,bern-fahrstrasse,Aare,bern,66788.455
{1833CE06-0CC4-45DE-BA55-4504B92FEED8},2015/05/20,2009/04/27,2005,4,2019,10,verbessert,swisstopo,2011,3,4m Strasse,2018_Aufbau,Keine,,k_W,,0,Falsch,,,Hart,Falsch,,Kanton,Verbindungsstrasse,bielersee_vinelz_fankhausers,Bielersee,vinelz,27270.402
{0BDEBE97-D5E1-40E0-82A6-6092B404FEA4},2015/09/02,2009/04/27,2006,4,2012,6,verbessert,swisstopo,2012,3,6m Strasse,1312_Aufbau,Keine,,k_W,,0,Falsch,,,Hart,Falsch,,Kanton,Verbindungsstrasse,weissenau-neuhaus,Thunersee,unterseen,23666.926
{E0BF4266-A626-4FF1-A11D-6B9BFEF6802C},2016/10/20,2007/09/20,2002,,2014,6,verbessert,swisstopo,2014,6,Autobahn,2015_Aufbau,Keine,,k_W,,0,Wahr,,,Hart,Falsch,,Bund,Hochleistungsstrasse,thur_schwarzenbach_meiliw,Thur,wil,33822.195
{E6FB693B-2D60-41DC-8045-A8E3FF603E27},2016/06/09,2009/07/27,2009,3,2015,6,verbessert,swisstopo,2015,6,6m Strasse,2016_Aufbau,Keine,Bergwanderweg,k_W,,0,Falsch,,,Hart,Falsch,,Kanton,Verbindungsstrasse,gerra-gambarogno,Lago Maggiore,gambarogno,15687.279
{BE0EE649-E526-4C7D-A97B-E423A89E6B3E},2015/03/05,2009/03/04,2004,3,2015,6,verbessert,swisstopo,2009,5,10m Strasse,2016_Aufbau,Keine,,k_W,,0,Falsch,,,Hart,Falsch,,Kanton,Durchgangsstrasse,versoix,Lac Léman,versoix,31104.749
{6DC45634-A342-4FB1-9467-1F5DA33FCAE0},2016/02/04,2007/09/20,2002,,2014,6,verbessert,swisstopo,2014,6,Autobahn,2015_Aufbau,Keine,,k_W,,0,Wahr,,,Hart,Falsch,,Bund,Hochleistungsstrasse,linth_mollis,Linthkanal,glarus-nord,39354.644
{1A5D8680-C127-430B-AD59-D60008040C4B},2019/08/27,2009/07/20,2008,7,2019,8,verbessert,swisstopo,2019,8,8m Strasse,2015_Aufbau,Keine,Wanderweg,k_W,,0,Falsch,,,Hart,Falsch,,Kanton,Verbindungsstrasse,urnaesch_urnaesch_meierr,Urnäsch,hundwil,24213.324
{EF0B1C39-AF7D-4D48-B89E-B6B57F06267B},2015/04/16,2009/04/27,2004,4,2016,6,verbessert,swisstopo,2010,4,10m Strasse,2017_Aufbau,Keine,,k_W,,0,Falsch,,,Hart,Falsch,,Kanton,Durchgangsstrasse,pierrier-sud,Lac Léman,montreux,31851.509
{57AFADA8-A081-45A2-BA4D-8B659483057E},2015/10/14,2010/04/13,2009,6,2015,6,verbessert,swisstopo,2015,6,10m Strasse,2016_Aufbau,Keine,,k_W,,0,Falsch,,,Hart,Falsch,,Kanton,Durchgangsstrasse,plage-de-st-sulpice,Lac Léman,saint-sulpice,33992.542
{3911CB2E-A4CB-4FA2-B623-91F3CFCEEB2F},2015/10/07,2007/09/20,2000,,2013,6,verbessert,swisstopo,2010,6,10m Strasse,1412_Aufbau,Keine,,k_W,,0,Falsch,,,Hart,Falsch,,Kanton,Durchgangsstrasse,zuerichsee_zurich_kullg,Zurichsee,zurich,29899.602
{7BEA5556-222A-4D1D-BBF8-2750FA49B1C7},2015/10/07,2007/09/20,2000,,2013,6,verbessert,swisstopo,2013,6,Autobahn,1412_Aufbau,Bruecke,,k_W,,1,Wahr,{2ED26EAE-AE9E-4C6C-8B6F-C11C47CBA81B},Sihlhochstrasse,Hart,Falsch,,Bund,Hochleistungsstrasse,zurichsee_wollishofen_langendorfm,Zurichsee,zurich,37159.704
{46C3BAB2-C4C2-486F-B810-A3ED6EFA0F13},2016/02/11,2007/09/20,2000,,2013,6,verbessert,swisstopo,2013,6,10m Strasse,1412_Aufbau,Keine,,k_W,,0,Falsch,,,Hart,Falsch,,Kanton,Durchgangsstrasse,zurichsee_kusnachterhorn_thirkell-whitej,Zurichsee,kusnacht,26863.237
{A11204E4-50D6-4AA6-947B-30AEBACB7DBC},2016/02/17,2007/09/20,2000,,2013,6,verbessert,swisstopo,2013,6,6m Strasse,2015_Aufbau,Keine,,k_W,,0,Falsch,,,Hart,Falsch,,Kanton,Durchgangsstrasse,vierwaldstattersee_weggis_schoberls_1,Quatre Cantons,weggis,18178.956
{60BB6AD6-A614-4B63-9F90-BC50CFC724E1},2019/10/18,2009/04/27,2005,4,2018,6,verbessert,swisstopo,2018,6,Autobahn,2018_Aufbau,Tunnel,,k_W,,-3,Wahr,{41DEE04A-E582-4FEC-A60D-49BF80EE9029},Schwarzwald,Hart,Falsch,,Bund,Hochleistungsstrasse,rhein-beach-tinguely,Rhein,basel,82686.081
{8B3E3EFD-2A72-4FBB-9BA4-6D12AEC3E6FE},2016/08/23,2009/08/12,2004,8,2016,6,verbessert,swisstopo,2016,6,4m Strasse,2016_Aufbau,Keine,,k_W,,0,Falsch,,,Hart,Falsch,,Kanton,Verbindungsstrasse,plage-de-cheyres,Neuenburgersee,cheyres,22960.451
{F619BBF3-2E3E-49EE-8246-7C5E160EF3F3},2015/06/04,2009/04/27,2005,4,2019,10,verbessert,swisstopo,2011,4,10m Strasse,2018_Aufbau,Keine,,k_W,,0,Falsch,,,Hart,Falsch,,Kanton,Durchgangsstrasse,strandboden-biel,Bielersee,biel,54602.765
{4D814F29-5790-4E5B-BA5D-4A5EA21687D2},2015/04/16,2009/04/27,2004,4,2016,6,verbessert,swisstopo,2010,4,10m Strasse,2017_Aufbau,Keine,,k_W,,0,Falsch,,,Hart,Falsch,,Kanton,Durchgangsstrasse,bain-des-dames,Lac Léman,la-tour-de-peilz,30558.054
{9FE248C9-0184-4186-B249-1DED48963718},2015/05/22,2009/04/27,2005,4,2018,6,verbessert,swisstopo,2009,5,Autobahn,2018_Aufbau,Keine,,k_W,,0,Wahr,,,Hart,Falsch,,Bund,Hochleistungsstrasse,birs_basel_grunern,Birs,basel,88060.102
{34703298-BABA-4026-AC92-AC3E397CA84C},2016/02/11,2007/09/20,2002,,2013,6,verbessert,swisstopo,2013,6,6m Strasse,1412_Aufbau,Keine,,k_W,,0,Falsch,,,Hart,Falsch,,Kanton,Durchgangsstrasse,zuerichsee_maennedorf_vanderkaadene,Zurichsee,mannedorf,39454.689
{42E28549-4555-4950-83EA-D416938B8144},2015/10/07,2007/09/20,2000,,2013,6,verbessert,swisstopo,2010,6,Autobahn,1412_Aufbau,Keine,,k_W,,0,Wahr,,,Hart,Falsch,,Bund,Hochleistungsstrasse,chriesbach_duebendorf_schneidera,Chriesbach,dubendorf,76472.521
{2B66111A-DFFD-4663-9547-5267B100FCFB},2015/10/14,2009/03/04,2004,3,2015,6,verbessert,swisstopo,2015,6,10m Strasse,2016_Aufbau,Keine,,k_W,,0,Falsch,,,Hart,Falsch,,Kanton,Durchgangsstrasse,preverenges,Lac Léman,preverenges,33713.885
{8BEE6F97-C5E3-4607-8C58-436A6AB41326},2016/04/06,2009/04/27,2005,4,2018,6,verbessert,swisstopo,2014,6,4m Strasse,2018_Aufbau,Keine,,k_W,,0,Wahr,,,Hart,Falsch,,ub,Durchgangsstrasse,rhein_basel_blarerp_2,Rhein,huningue,12095.299
{AE3651A2-388B-40F7-B423-25F1AFA2EF77},2015/03/26,2009/08/12,2004,8,2016,6,verbessert,swisstopo,2010,4,6m Strasse,2016_Aufbau,Keine,Wanderweg,k_W,,0,Falsch,,,Hart,Falsch,,Kanton,Durchgangsstrasse,aare_kehrsatz_stolten,Aare,belp,43630.638
{D8CE0255-24EB-40D5-B7C4-D3D0ACA90E1D},2019/07/18,2007/09/20,2002,,2019,5,verbessert,swisstopo,2014,6,8m Strasse,2015_Aufbau,Keine,,k_W,,0,Falsch,,,Hart,Falsch,,Kanton,Durchgangsstrasse,bodensee_arbon_moslis,Bodensee,arbon,32492.595
{856160AC-7EC6-46DA-9BF8-1AB0D970CB79},2015/03/24,2009/08/12,2004,8,2016,6,verbessert,swisstopo,2010,3,10m Strasse,2016_Aufbau,Keine,,k_W,,0,Falsch,,,Hart,Falsch,,ub,Durchgangsstrasse,bern-tiergarten,Aare,bern,66910.264
{6CFA75A8-A828-4372-ADE2-9086146D66A9},2015/08/10,2009/04/27,2006,4,2012,3,verbessert,swisstopo,2012,3,6m Strasse,1312_Aufbau,Keine,,k_W,,0,Falsch,,,Hart,Falsch,,Kanton,Verbindungsstrasse,langete_langenthal_geiserm,Langeten,langenthal,61932.143
{AF95CAA9-33AB-4FD3-B261-1E38F29EC4F1},2016/02/02,2007/09/20,2002,,2014,6,verbessert,swisstopo,2014,6,Autobahn,2015_Aufbau,Bruecke,,k_W,,1,Wahr,{2B4DDFB2-A58E-40F5-B074-01434F42DB61},Goldach-Viadukt,Hart,Falsch,,Bund,Hochleistungsstrasse,goldach_goldach_schlachterj,Goldach,goldach,51501.471
{71F3D0A0-3CCD-4F42-AEE3-9C733C5DCFD6},2015/09/07,2009/04/27,2000,4,2013,6,verbessert,swisstopo,2010,7,6m Strasse,1412_Aufbau,Keine,,k_W,,0,Falsch,,,Hart,Falsch,,Kanton,Durchgangsstrasse,aare_brugg_buchie,Aare,brugg,50439.058
{8AB4D519-F950-480A-ABC1-81E7CAA3EE75},2016/02/04,2007/09/20,2002,,2014,6,verbessert,swisstopo,2014,6,Autobahn,2015_Aufbau,Tunnel,,k_W,,-2,Wahr,{3B7753BC-413E-46D1-BFA2-0442BDC61EE1},Raischibetunnel,Hart,Falsch,,Bund,Hochleistungsstrasse,walensee_walenstadt_wysse,Walensee,walenstadt,29363.199
{B355A618-01FC-4CB7-B1FD-31BBE9B5D9EE},2016/02/11,2007/09/20,2000,,2013,6,verbessert,swisstopo,2013,6,6m Strasse,1412_Aufbau,Keine,,k_W,,0,Falsch,,,Hart,Falsch,,Kanton,Verbindungsstrasse,reuss_ottenbach_schoenenbergerl,Reuss,merenschwand,32844.725
{F566A07E-5912-4B54-90FD-3F31E30429ED},2010/10/06,2009/08/12,2004,8,2016,6,verbessert,swisstopo,2010,4,2m Weg,2016_Aufbau,Keine,,Wahr,,0,Falsch,,,Natur,k_W,,k_W,k_W,nouvelle-plage,Neuenburgersee,estavayer,24323.372
{60BB6AD6-A614-4B63-9F90-BC50CFC724E1},2019/10/18,2009/04/27,2005,4,2018,6,verbessert,swisstopo,2018,6,Autobahn,2018_Aufbau,Tunnel,,k_W,,-3,Wahr,{41DEE04A-E582-4FEC-A60D-49BF80EE9029},Schwarzwald,Hart,Falsch,,Bund,Hochleistungsstrasse,rhein_basel_hungerbuehlern,Rhein,basel,82751.952
{0ED8BBBE-C56B-4B96-93B6-BB3F7B55E0AC},2016/02/04,2007/09/20,2002,,2014,6,verbessert,swisstopo,2014,6,Autobahn,2015_Aufbau,Keine,,k_W,,0,Wahr,,,Hart,Falsch,,Bund,Hochleistungsstrasse,flibach-river-right-bank,Walensee,weesen,30472.018
{F24D1F9C-E95D-4CB7-A526-41CA37AE50F5},2017/02/22,2009/04/27,2004,4,2016,6,restrukturiert,swisstopo,2010,4,8m Strasse,2017_Aufbau,Keine,,k_W,,0,Falsch,,,Hart,Falsch,,Kanton,Durchgangsstrasse,arabie,Lac Léman,vevey,35385.565
{B0823907-EB05-46C4-8788-84B84646A32D},2016/02/23,2007/09/20,2003,,2018,10,verbessert,swisstopo,2013,6,4m Strasse,2018_Aufbau,Keine,Wanderweg,k_W,,0,Falsch,,,Hart,Falsch,,Kanton,Verbindungsstrasse,vorderrhein_disentis_schmidn,Vorderrhein,disentis-muster,32792.117
{0BE0B519-6DDF-41D8-9F80-DE0EC9CCB667},2019/12/12,2007/09/20,2000,,2019,6,verbessert,swisstopo,2019,6,Autobahn,1412_Aufbau,Keine,,k_W,,0,Wahr,,,Hart,Falsch,,Bund,Hochleistungsstrasse,katzenbach_zuerich_sanesim,Katzensee,zurich,45316.653
{FE2C4619-ACC8-4973-AB64-FDEF5576BA78},2015/04/01,2009/08/12,2004,8,2016,6,verbessert,swisstopo,2010,4,6m Strasse,2017_Aufbau,Keine,Wanderweg,k_W,,0,Falsch,,,Hart,Falsch,,Kanton,Durchgangsstrasse,thunersee_spiez_meierd_1,Thunersee,spiez,16472.524
{CAB3A3A6-C277-4DBF-921D-07ADC6B6BBE4},2015/04/16,2009/04/27,2004,4,2016,6,verbessert,swisstopo,2010,8,10m Strasse,2017_Aufbau,Keine,Wanderweg,k_W,,0,Falsch,,,Hart,Falsch,,Kanton,Durchgangsstrasse,grand-clos,Lac Léman,saint-gingolph,19562.740
{B8300135-1B63-47EA-90F7-CA65757A9954},2015/04/01,2011/03/30,2010,4,2016,6,verbessert,swisstopo,2010,4,4m Strasse,2017_Aufbau,Keine,,k_W,,0,Wahr,,,Hart,Falsch,,Kanton,Verbindungsstrasse,camping-gwatt-strand,Thunersee,thun,25670.794
{B8CC6C67-B04A-44E5-9992-E33612B52F08},2017/01/13,2009/04/27,2004,4,2016,6,verbessert,swisstopo,2016,6,10m Strasse,2017_Aufbau,Keine,,k_W,,0,Falsch,,,Hart,Falsch,,Kanton,Durchgangsstrasse,le-port,Lac Léman,la-tour-de-peilz,33431.845
{3707B9FA-30A6-4F10-948A-7B7C9A1DB1DC},2019/11/25,2007/09/20,2002,,2019,6,verbessert,swisstopo,2019,6,6m Strasse,2015_Aufbau,Keine,,k_W,,0,Falsch,,,Hart,Falsch,,Kanton,Durchgangsstrasse,unterdsee_ermatingen_brunkem,Untersee,ermatingen,26571.989
{66E90746-8B29-4805-8C8E-BC38E2DF6976},2016/02/02,2007/09/20,2002,,2014,6,verbessert,swisstopo,2014,6,6m Strasse,2015_Aufbau,Keine,,k_W,,0,Falsch,,,Hart,Falsch,,Kanton,Durchgangsstrasse,toss_kollbrunn_burgid,Töss,zell,49474.345
{59E4498D-E897-4152-86FF-4D370A35765D},2019/07/05,2009/04/27,2005,4,2019,10,verbessert,swisstopo,2019,7,6m Strasse,2018_Aufbau,Keine,Wanderweg,k_W,,0,Falsch,,,Hart,Falsch,,Kanton,Verbindungsstrasse,emme_biberist_jennim,Emme,biberist,44044.906
{B4BB5A99-8F9D-4B10-9B32-52B28C3ECAF7},2015/06/02,2009/04/27,2005,4,2018,11,verbessert,swisstopo,2009,6,Autobahn,2018_Aufbau,Keine,,k_W,,0,Wahr,,,Hart,Falsch,,Bund,Hochleistungsstrasse,birs_basel_laderachs,Birs,basel,94553.538
{31D64EF8-516C-486D-9F2A-FC8A37D709EA},2016/08/24,2010/11/18,2010,3,2016,6,restrukturiert,swisstopo,2010,3,8m Strasse,2016_Aufbau,Keine,,k_W,,0,Wahr,,,Hart,Wahr,,ub,Durchgangsstrasse,aare_koniz_hoppej,Aare,koniz,66742.022
{46D419A0-0DDD-4737-A1C6-60BABA49EA22},2016/02/11,2007/09/20,2002,,2013,6,verbessert,swisstopo,2013,6,6m Strasse,1412_Aufbau,Keine,,k_W,,0,Falsch,,,Hart,Falsch,,Kanton,Durchgangsstrasse,zuerichsee_waedenswil_colomboc_1,Zurichsee,richterswil,29900.401
{390D8E2E-AF2F-47C4-A500-5ADDBDCD39B2},2019/11/25,2007/09/20,2002,,2019,6,verbessert,swisstopo,2019,6,6m Strasse,2015_Aufbau,Keine,,k_W,,0,Falsch,,,Hart,Falsch,,Kanton,Durchgangsstrasse,berlingen-swisslitterreport,Untersee,berlingen,20121.039
{4896C68A-8036-48BC-B830-623825FDB968},2010/03/01,2009/03/04,2004,3,2016,6,verbessert,swisstopo,2009,6,1m Weg,2016_Aufbau,Keine,,k_W,,0,k_W,,,Natur,k_W,,k_W,k_W,lacleman_gland_lecoanets,Lac Léman,gland,20872.324
{2013C089-EE7F-4117-B10B-8D64A78D93E1},2016/03/01,2009/04/27,2006,4,2018,6,verbessert,swisstopo,2015,6,4m Strasse,2018_Aufbau,Keine,,k_W,,0,Falsch,,,Hart,Falsch,,ub,k_W,bagno-pubblico-ascona,Lago Maggiore,ascona,18556.135
{C7512428-3F47-48F9-8EE1-F1381D79E8A0},2016/02/15,2007/09/20,2002,,2013,6,verbessert,swisstopo,2013,6,10m Strasse,2015_Aufbau,Keine,,k_W,,0,Falsch,,,Hart,Falsch,,Kanton,Durchgangsstrasse,zuerichsee_richterswil_benkoem_2,Zurichsee,richterswil,24830.532
{97AD1435-218D-491D-9864-2C065E19D7D1},2015/02/25,2009/03/04,2004,3,2015,6,verbessert,swisstopo,2009,6,Autobahn,2016_Aufbau,Keine,,k_W,,0,Wahr,,,Hart,Falsch,,Bund,Hochleistungsstrasse,tolochenaz,Lac Léman,tolochenaz,32217.033
{14479D5A-AC27-497B-BE0F-23035C906D15},2017/01/04,2007/09/20,2002,,2014,6,verbessert,swisstopo,2014,6,Autobahn,2015_Aufbau,Keine,,k_W,,0,Wahr,,,Hart,Falsch,,Bund,Hochleistungsstrasse,muhlehorn-dorf,Walensee,glarus-nord,26332.086
{25703AF0-3AE8-4EE7-9B37-246D44282658},2017/09/22,2009/04/27,2004,4,2016,6,verbessert,swisstopo,2016,6,6m Strasse,2017_Aufbau,Keine,,k_W,,0,Falsch,,,Hart,Falsch,,Kanton,Durchgangsstrasse,ognonnaz-1,Ognonnaz,vevey,61405.073
{B996BAB2-E365-4596-8D8D-3A0C281B3904},2015/12/10,2009/04/27,2006,4,2015,3,verbessert,swisstopo,2015,3,6m Strasse,1312_Aufbau,Keine,,k_W,,0,Falsch,,,Hart,Falsch,,Kanton,Verbindungsstrasse,aare_rupperswil_badert,Aare,rupperswil,41187.494
{FF6CD255-1E3F-4129-91ED-67BE4825194F},2016/02/16,2007/09/20,2002,,2013,6,verbessert,swisstopo,2013,6,6m Strasse,1412_Aufbau,Keine,,k_W,,0,Falsch,,,Hart,Falsch,,Kanton,Durchgangsstrasse,toss_bauma_kurthe,Töss,bauma,41271.433
{B0EFA991-00F0-4EAC-90E8-9A36E97E575F},2019/06/18,2007/09/20,2000,,2019,6,verbessert,swisstopo,2019,6,10m Strasse,2015_Aufbau,Keine,,k_W,,0,Falsch,,,Hart,Falsch,,Kanton,Durchgangsstrasse,lorze_baar_blarere,Lorze,baar,47572.907
{9DC22E30-7852-4A15-8B63-259800B6A582},2019/11/25,2007/09/20,2002,,2019,6,verbessert,swisstopo,2019,6,8m Strasse,2015_Aufbau,Keine,,k_W,,0,Falsch,,,Hart,Falsch,,Kanton,Durchgangsstrasse,rhein_hemishofen_stolll,Rhein,hemishofen,35559.259
{5FC4D38B-E699-495B-B7AC-B9F18A5F9846},2015/10/07,2007/09/20,2000,,2013,6,verbessert,swisstopo,2010,6,Autobahn,1412_Aufbau,Keine,,k_W,,0,Wahr,,,Hart,Falsch,,Bund,Hochleistungsstrasse,sihl_leimbach_kruegerm,Sihl,zurich,54854.789
{72B0B81C-218E-4278-86B9-E4091C6B3BAD},2016/02/02,2007/09/20,2002,,2014,6,verbessert,swisstopo,2014,6,Autobahn,2015_Aufbau,Keine,,k_W,,0,Wahr,,,Hart,Falsch,,Bund,Hochleistungsstrasse,sitter_gaiserwald_buehlerf,Sitter,st-gallen,39584.008
{335B5980-309C-4F55-BD70-6E6698DFFDF7},2016/02/02,2007/09/20,2002,,2014,6,verbessert,swisstopo,2014,6,8m Strasse,2015_Aufbau,Keine,,k_W,,0,Falsch,,,Hart,Falsch,,Kanton,Durchgangsstrasse,bodensee_altenrhein_caluoria,Bodensee,thal,25420.946
{DBA954AE-B548-4B92-8D18-774A28504B7B},2019/03/21,2009/04/27,2005,4,2018,6,verbessert,swisstopo,2018,6,6m Strasse,2018_Aufbau,Keine,,k_W,,0,Falsch,,,Hart,Falsch,,Kanton,Durchgangsstrasse,emme_utzenstorf_gruttert,Emme,utzenstorf,41011.125
{7F06A3FD-14EA-4C49-AFD9-09A3CBD5ADB6},2015/03/12,2009/03/04,2004,3,2015,6,verbessert,swisstopo,2009,5,10m Strasse,2016_Aufbau,Keine,,k_W,,0,Falsch,,,Hart,Falsch,,Kanton,Durchgangsstrasse,villa-barton,Lac Léman,geneve,39487.651
{4AD04605-0900-4475-8586-2E0393817DD1},2015/02/25,2009/03/04,2004,3,2015,6,verbessert,swisstopo,2009,6,6m Strasse,2016_Aufbau,Keine,Wanderweg,k_W,,0,Falsch,,,Hart,Falsch,,Kanton,Durchgangsstrasse,la-pecherie,Lac Léman,allaman,18177.013
{B34C4FE0-34CD-4636-9922-830E6AB63479},2015/03/20,2009/03/04,2004,3,2015,6,verbessert,swisstopo,2009,6,Autobahn,2016_Aufbau,Bruecke,,k_W,,1,Wahr,,,Hart,Falsch,,Bund,Hochleistungsstrasse,plage-de-dorigny,Lac Léman,saint-sulpice,44682.524
{09B8907D-A72E-49B0-A620-D307EE1BE98C},2017/01/04,2007/09/20,2000,,2016,6,verbessert,swisstopo,2016,6,Autobahn,1412_Aufbau,Bruecke,,k_W,,1,Wahr,,,Hart,Falsch,,Bund,Hochleistungsstrasse,sihl_zuerich_eichenbergerd,Sihl,zurich,63764.810
{931B8FD4-0DC0-4CA3-919C-DD7787BB475D},2015/04/22,2009/04/27,2004,4,2016,6,verbessert,swisstopo,2010,4,Autobahn,2017_Aufbau,Keine,,k_W,,0,Wahr,,,Hart,Falsch,,Bund,Hochleistungsstrasse,les-glariers,Rhône,riddes,55305.242
{34E59F4B-1263-4C75-9E59-5F61D6B28C23},2015/03/20,2009/03/04,2004,3,2015,6,verbessert,swisstopo,2009,6,Autobahn,2016_Aufbau,Keine,,k_W,,0,Wahr,,,Hart,Falsch,,Bund,Hochleistungsstrasse,vidy-ruines,Lac Léman,lausanne,52683.356
{27EEFB01-188B-4FB3-973E-BC8BCDB434FD},2017/02/21,2009/04/27,2004,4,2016,6,verbessert,swisstopo,2016,6,6m Strasse,2017_Aufbau,Keine,,k_W,,0,Falsch,,,Hart,Falsch,,Kanton,Verbindungsstrasse,tschilljus,Rhône,salgesch,33324.504
{7CC30ADF-504F-4DA6-9C5A-A510D3694525},2015/04/16,2009/04/27,2004,4,2016,6,verbessert,swisstopo,2010,4,Autobahn,2017_Aufbau,Keine,,k_W,,0,Wahr,,,Hart,Falsch,,Bund,Hochleistungsstrasse,baye-de-montreux-g,Lac Léman,montreux,28442.601
{079DE91F-413B-42DA-B54D-C301D8C1CE57},2016/11/02,2009/08/12,2004,8,2016,6,verbessert,swisstopo,2016,6,10m Strasse,2016_Aufbau,Keine,,k_W,,0,Falsch,,,Hart,Falsch,,Kanton,Durchgangsstrasse,aare_bern_gerberm,Aare,bern,47570.289
{28E12DAB-042C-459C-B640-DDC32D204D62},2015/03/23,2009/08/12,2004,8,2016,6,verbessert,swisstopo,2010,3,10m Strasse,2016_Aufbau,Keine,,k_W,,0,Falsch,,,Hart,Falsch,,Kanton,Verbindungsstrasse,aare_bern_caveltin,Aare,muri-bei-bern,46827.536
{CE44CDAE-3655-4F6E-9A08-CFC1105801C1},2015/10/15,2009/04/27,2000,4,2013,6,verbessert,swisstopo,2013,6,4m Strasse,1412_Aufbau,Keine,,k_W,,0,Falsch,,,Hart,Falsch,,Kanton,Verbindungsstrasse,reuss_hunenberg_eberhardy,Reuss,hunenberg,29510.441
{61F78CF3-29B2-407C-ADA8-3B627AF842F6},2019/11/27,2009/08/12,2004,8,2019,6,verbessert,swisstopo,2019,6,Zufahrt,2017_Aufbau,Bruecke,,k_W,,1,Falsch,{29DD1C27-F313-4BBA-9A9D-C98EBDB7A09C},Glättemühleviadukt,Hart,k_W,,Bund,Hochleistungsstrasse,zulg_steffisburg_schmassmanne,Zulg,steffisburg,58335.466
{AD55171B-55E5-48E0-A3DE-B8254261F20F},2015/04/16,2009/04/27,2004,4,2016,6,verbessert,swisstopo,2010,4,10m Strasse,2017_Aufbau,Keine,,k_W,,0,Falsch,,,Hart,Falsch,,Kanton,Durchgangsstrasse,anarchy-beach,Lac Léman,la-tour-de-peilz,19784.947
{6839A3A5-2634-45CA-B2EF-7DAC7829AED8},2016/05/10,2009/04/27,2005,4,2019,10,verbessert,swisstopo,2014,6,Autostrasse,2018_Aufbau,Tunnel,,k_W,,-2,Falsch,{27B4AD1F-8468-4B1B-8D59-8C380386FAAC},Ligerztunnel,Hart,Falsch,,Bund,Hochleistungsstrasse,ligerz-strand,Bielersee,ligerz,24763.560
{72329DF8-1DE0-4ABE-9DD4-059D706C24A2},2016/02/02,2007/09/20,2002,,2014,6,verbessert,swisstopo,2014,6,6m Strasse,2015_Aufbau,Keine,Wanderweg,k_W,,0,Falsch,,,Hart,Falsch,,Kanton,Durchgangsstrasse,bodensee_steinach_dolder_a,Bodensee,steinach,44987.807
{EB67D1A2-A1D9-4AEB-826A-E625564F732E},2018/07/05,2007/09/20,2000,,2016,6,verbessert,swisstopo,2016,6,Autobahn,1412_Aufbau,Keine,,k_W,,0,Wahr,,,Hart,Falsch,,Bund,Hochleistungsstrasse,sihl_adliswil_oggi_fort,Sihl,adliswil,66615.512
{0ED8BBBE-C56B-4B96-93B6-BB3F7B55E0AC},2016/02/04,2007/09/20,2002,,2014,6,verbessert,swisstopo,2014,6,Autobahn,2015_Aufbau,Keine,,k_W,,0,Wahr,,,Hart,Falsch,,Bund,Hochleistungsstrasse,seeflechsen,Walensee,glarus-nord,35720.015
{55A04690-7499-495C-941C-E976C2E432E7},2015/03/20,2009/08/12,2004,8,2016,6,verbessert,swisstopo,2010,3,Autobahn,2016_Aufbau,Keine,,k_W,,0,Wahr,,,Hart,Falsch,,Bund,Hochleistungsstrasse,aarezufluss_bern_scheurerk,Aare,bern,71736.283
{9F076AA4-2A54-4FAB-AD27-9B7068DE81DA},2015/03/23,2009/08/12,2004,8,2016,6,verbessert,swisstopo,2010,3,10m Strasse,2016_Aufbau,Keine,Wanderweg,k_W,,0,Falsch,,,Hart,Falsch,,Kanton,Verbindungsstrasse,aare_elfenau_cataldiv,Aare,bern,59468.477
{335B5980-309C-4F55-BD70-6E6698DFFDF7},2016/02/02,2007/09/20,2002,,2014,6,verbessert,swisstopo,2014,6,8m Strasse,2015_Aufbau,Keine,,k_W,,0,Falsch,,,Hart,Falsch,,Kanton,Durchgangsstrasse,bodensee_thal_schlachterj_1,Bodensee,thal,26054.820
{A86BDBC3-AC48-4BF8-AB87-73C073035348},2016/02/02,2007/09/20,2002,,2014,6,verbessert,swisstopo,2014,6,8m Strasse,2015_Aufbau,Bruecke,,k_W,,1,Falsch,,,Hart,Falsch,,Kanton,Durchgangsstrasse,bodensee_horn_huberm,Bodensee,horn,25445.882
{5D0B2777-42BC-4CF6-964C-2872D2D8D45F},2019/11/28,2009/04/27,2006,4,2019,6,verbessert,swisstopo,2019,6,Autobahn,1312_Aufbau,Keine,,k_W,,0,Wahr,,,Hart,Falsch,,Bund,Hochleistungsstrasse,aare_suhrespitz_badert,Aare,aarau,62257.478
{4E9815F8-A989-4C41-9707-C278113BF92D},2015/03/17,2009/08/12,2004,8,2016,6,verbessert,swisstopo,2010,3,6m Strasse,2016_Aufbau,Keine,,k_W,,0,Falsch,,,Hart,Falsch,,Kanton,Verbindungsstrasse,cudrefin-alternate,Neuenburgersee,cudrefin,17980.005
{39A9E25B-FC80-43CA-A8CB-F3F9AB8A0EBC},2015/04/02,2009/03/04,2004,3,2015,6,verbessert,swisstopo,2009,6,6m Strasse,2016_Aufbau,Keine,,k_W,,0,Falsch,,,Hart,Falsch,,Kanton,Durchgangsstrasse,boiron,Lac Léman,tolochenaz,15100.620
{0E9CE734-4A7D-4C35-8167-D04C7F5858A4},2015/08/11,2012/06/19,2012,3,2012,3,verbessert,swisstopo,2012,3,6m Strasse,1312_Aufbau,Keine,,k_W,,0,Falsch,,,Hart,Falsch,,Kanton,Durchgangsstrasse,pfaffner_rothrist_ischik,Pfaffnern,rothrist,43516.937
{CC052B9A-5D0F-4E8F-988D-96453204128E},2019/11/25,2007/09/20,2002,,2019,6,verbessert,swisstopo,2019,6,8m Strasse,2015_Aufbau,Keine,,k_W,,0,Falsch,,,Hart,Falsch,,Kanton,Durchgangsstrasse,rhein_laag_jungbluthn,Rhein,busingen-a-hochrhein,27754.120
{B34C4FE0-34CD-4636-9922-830E6AB63479},2015/03/20,2009/03/04,2004,3,2015,6,verbessert,swisstopo,2009,6,Autobahn,2016_Aufbau,Bruecke,,k_W,,1,Wahr,,,Hart,Falsch,,Bund,Hochleistungsstrasse,tiger-duck-beach,Lac Léman,saint-sulpice,45470.197
{8C8F7307-D96F-4957-BF72-AFC22F5232A1},2011/12/19,2007/09/20,2002,,2013,6,verbessert,swisstopo,2010,6,2m Weg,1412_Aufbau,Keine,,Wahr,,0,Falsch,,,Natur,k_W,,k_W,k_W,greifensee_fallanden_simmenc,Greifensee,fallanden,23642.615
{8BEE6F97-C5E3-4607-8C58-436A6AB41326},2016/04/06,2009/04/27,2005,4,2018,6,verbessert,swisstopo,2014,6,4m Strasse,2018_Aufbau,Keine,,k_W,,0,Wahr,,,Hart,Falsch,,ub,Durchgangsstrasse,rhein_basel_blarerp_1,Rhein,huningue,16290.637
{3658045E-BC47-43E0-8209-B1AD9B3F2BF5},2016/07/14,2009/08/12,2004,8,2016,6,verbessert,swisstopo,2016,6,Autobahn,2016_Aufbau,Tunnel,,k_W,,-3,Wahr,{7C113E90-6DE2-4722-82D8-1B79A150C432},Tunnel de Neuchâtel,Hart,Falsch,,Bund,Hochleistungsstrasse,evole-plage,Neuenburgersee,neuchatel,55957.354
{4E9815F8-A989-4C41-9707-C278113BF92D},2015/03/17,2009/08/12,2004,8,2016,6,verbessert,swisstopo,2010,3,6m Strasse,2016_Aufbau,Keine,,k_W,,0,Falsch,,,Hart,Falsch,,Kanton,Verbindungsstrasse,impromptu_cudrefin,Neuenburgersee,cudrefin,17392.244
{390C354A-63E2-4082-9FC9-5C4B90A1D511},2018/04/04,2007/09/20,2000,,2016,6,verbessert,swisstopo,2016,6,Autobahn,1412_Aufbau,Bruecke,,k_W,,1,Wahr,,,Hart,Falsch,,Bund,Hochleistungsstrasse,katzensee_regensdorfzuerichaffoltern_stueberj,Katzensee,zurich,36221.788
{20300623-94D5-481E-9414-81231D3BC318},2019/07/18,2007/09/20,2002,,2019,5,verbessert,swisstopo,2014,6,6m Strasse,2015_Aufbau,Keine,,k_W,,0,Falsch,,,Hart,Falsch,,Kanton,Verbindungsstrasse,thur_schoenenberg_schaera,Thur,kradolf-schonenberg,37327.530
{6F5903E2-54CB-4FD4-B178-711B7769B82F},2019/07/05,2009/04/27,2005,4,2019,10,verbessert,swisstopo,2019,7,Autobahn,2018_Aufbau,Keine,,k_W,,0,Wahr,,,Hart,Falsch,,Bund,Hochleistungsstrasse,aare_solothurn_nguyena,Aare,solothurn,38956.956
{B5C482A7-1113-4555-96CD-4674E633244C},2015/09/17,2009/04/27,2000,4,2013,6,verbessert,swisstopo,2010,6,6m Strasse,1412_Aufbau,Keine,,k_W,,0,Falsch,,,Hart,Falsch,,Kanton,Verbindungsstrasse,reuss,Reuss,bremgarten,28266.115
{344A45DD-9598-4BD9-A32C-75DF424FC86A},2011/12/19,2007/09/20,2002,,2013,6,verbessert,swisstopo,2010,6,2m Weg,1412_Aufbau,Keine,,Wahr,,0,Falsch,,,Hart,k_W,,k_W,k_W,greifensee_fallanden_meistery,Greifensee,fallanden,24209.744
{92ED59C2-0523-43EB-9A8A-582F45E876F7},2016/02/25,2009/04/27,2006,4,2019,6,verbessert,swisstopo,2015,6,6m Strasse,2018_Aufbau,Keine,,k_W,,0,Falsch,,,Hart,Falsch,,Kanton,Verbindungsstrasse,vira-spiaggia-left-of-river,Lago Maggiore,gambarogno,21862.702
{E4C341E7-1FEF-4B83-A065-1D07733946CC},2016/02/15,2007/09/20,2002,,2013,6,verbessert,swisstopo,2013,6,6m Strasse,1412_Aufbau,Keine,,k_W,,0,Falsch,,,Hart,Falsch,,Kanton,Durchgangsstrasse,aabach,Zurichsee,schmerikon,25183.491
{52DB4FCD-74D1-485F-903A-4320AFEB983E},2019/12/17,2009/04/27,2005,4,2019,10,verbessert,swisstopo,2017,6,6m Strasse,2018_Aufbau,Keine,,k_W,,0,Falsch,,,Hart,Falsch,,Kanton,Durchgangsstrasse,sorne_birse_wwfjura,Birs,delemont,40020.022
{F24D1F9C-E95D-4CB7-A526-41CA37AE50F5},2017/02/22,2009/04/27,2004,4,2016,6,restrukturiert,swisstopo,2010,4,8m Strasse,2017_Aufbau,Keine,,k_W,,0,Falsch,,,Hart,Falsch,,Kanton,Durchgangsstrasse,quai-maria-belgia,Lac Léman,vevey,32082.693
{BA62BCAE-E2B3-41F7-AC9A-8DC267DE5766},2016/02/11,2007/09/20,2002,,2013,6,verbessert,swisstopo,2013,6,8m Strasse,1412_Aufbau,Keine,,k_W,,0,Falsch,,,Hart,Falsch,,Kanton,Durchgangsstrasse,zuerichsee_staefa_hennm,Zurichsee,stafa,22489.558
{13A27DD1-9B4A-488A-B1EF-5249587437F3},2016/06/13,2007/09/20,2003,,2014,6,verbessert,swisstopo,2014,6,6m Strasse,2016_Aufbau,Keine,,k_W,,0,Falsch,,,Hart,Falsch,,Kanton,Durchgangsstrasse,inn_pradella_kohlt,Inn,scuol,28821.750
{A54AEC75-2B17-4179-89D9-ABA3507388AE},2018/08/15,2007/09/20,2000,,2016,6,verbessert,swisstopo,2016,6,10m Strasse,1412_Aufbau,Keine,,k_W,,0,Falsch,,,Hart,Falsch,,Kanton,Durchgangsstrasse,zurcher-strand,Zurichsee,zurich,66722.836
{64CADFCE-816E-4CA6-8362-595177856683},2016/07/28,2009/08/12,2004,8,2016,6,restrukturiert,swisstopo,2010,3,Autobahn,2016_Aufbau,Keine,,k_W,,0,Wahr,,,Hart,Falsch,,Bund,Hochleistungsstrasse,aare_bern_scheurerk,Aare,bern,71651.351
{A123D46B-50F3-4C11-BCCF-B8A2C7331C0E},2015/02/25,2009/03/04,2004,3,2015,6,verbessert,swisstopo,2009,6,Autobahn,2016_Aufbau,Keine,,k_W,,0,Wahr,,,Hart,Falsch,,Bund,Hochleistungsstrasse,la-morges,Lac Léman,morges,38405.925
{F021BEC3-B327-472F-8465-07ACA532E643},2019/11/26,2009/04/27,2005,4,2019,10,verbessert,swisstopo,2019,6,Autostrasse,2018_Aufbau,Bruecke,,k_W,,1,Falsch,,,Hart,Falsch,,Bund,Hochleistungsstrasse,brugg-be-buren-bsg-standort,Aare|Nidau-Büren-Kanal,brugg,51650.622
{087D9AC4-E653-4143-A2F5-41022FC40622},2015/10/07,2007/09/20,2000,,2013,6,verbessert,swisstopo,2010,6,Autobahn,1412_Aufbau,Keine,,k_W,,0,Wahr,,,Hart,Falsch,,Bund,Hochleistungsstrasse,limmat_zurich_mortensena_meiera,Limmat,zurich,74713.558
{EF0B1C39-AF7D-4D48-B89E-B6B57F06267B},2015/04/16,2009/04/27,2004,4,2016,6,verbessert,swisstopo,2010,4,10m Strasse,2017_Aufbau,Keine,,k_W,,0,Falsch,,,Hart,Falsch,,Kanton,Durchgangsstrasse,le-pierrier,Lac Léman,montreux,30805.432
{E01BCF92-D961-4827-9F65-07EBD6C2252E},2015/03/27,2010/11/15,2010,3,2016,6,verbessert,swisstopo,2010,3,10m Strasse,2016_Aufbau,Keine,Wanderweg,k_W,,0,Falsch,,,Hart,Falsch,,Kanton,Verbindungsstrasse,lotschebach_bern_scheurerk,Lötschebach,ostermundigen,46427.896
{B26D3E16-F121-47C5-94BD-1087C2E9D993},2017/11/15,2009/04/27,2005,4,2018,6,verbessert,swisstopo,2017,6,Autobahn,2018_Aufbau,Keine,,k_W,,0,Wahr,,,Hart,Falsch,,Bund,Hochleistungsstrasse,hauterive-petite-plage,Neuenburgersee,hauterive-ne,42939.820
{23490782-9837-499D-B57B-75043C35BDCE},2015/04/01,2009/08/12,2004,8,2016,6,verbessert,swisstopo,2010,4,10m Strasse,2017_Aufbau,Keine,,k_W,,0,Falsch,,,Hart,Falsch,,Kanton,Durchgangsstrasse,thun-strandbad,Thunersee,thun,37772.156
{061DA8CA-FDFA-446F-965C-9B61A5D5045B},2016/02/19,2007/09/20,2002,,2013,6,verbessert,swisstopo,2013,6,2m Weg,1412_Aufbau,Keine,Wanderweg,Wahr,,0,Falsch,,,Hart,k_W,,ub,k_W,rastplatz-stampf,Zurichsee,jona-city,17521.850
{6CD9F0CE-116C-45E9-9088-DDFC0E7F5DE0},2018/06/21,2009/04/27,2005,4,2018,11,verbessert,swisstopo,2017,6,Autobahn,2018_Aufbau,Bruecke,,k_W,,1,Wahr,{B400CA8A-C7F7-439E-AF12-531F00A687DD},Viaduc d'Yverdon,Hart,Falsch,,Bund,Hochleistungsstrasse,la-thiele_le-mujon_confluence,La Thièle,yverdon-les-bains,56549.512
{CA045257-9F85-462F-90B7-E3643C56D0D8},2016/07/19,2009/08/12,2004,8,2016,6,verbessert,swisstopo,2016,6,Autobahn,2016_Aufbau,Keine,,k_W,,0,Wahr,,,Hart,Falsch,,Bund,Hochleistungsstrasse,schiffenensee_duedingen_hirschij,Schiffenensee,dudingen,16833.540
{DBE79787-D1D5-4612-AB7B-C5319E2EAF6C},2019/11/26,2009/04/27,2005,4,2019,10,verbessert,swisstopo,2019,6,Autostrasse,2018_Aufbau,Keine,,k_W,,0,Falsch,,,Hart,Falsch,,Bund,Hochleistungsstrasse,nidau-strand,Bielersee,nidau,47656.464
{F24D1F9C-E95D-4CB7-A526-41CA37AE50F5},2017/02/22,2009/04/27,2004,4,2016,6,restrukturiert,swisstopo,2010,4,8m Strasse,2017_Aufbau,Keine,,k_W,,0,Falsch,,,Hart,Falsch,,Kanton,Durchgangsstrasse,veveyse,Lac Léman,vevey,30801.647
{073508ED-7132-4949-9668-09EDD763340B},2016/02/22,2007/09/20,2000,,2016,6,verbessert,swisstopo,2013,6,6m Strasse,2017_Aufbau,Keine,,k_W,,0,Falsch,,,Hart,Falsch,,Kanton,Durchgangsstrasse,rhein_eglisau_gomringerp,Rhein,eglisau,43621.078
{CA41B2C7-84BC-4EA8-985E-3A6FC1C8775A},2018/04/11,2007/09/20,2000,,2016,6,verbessert,swisstopo,2016,6,Autobahn,1412_Aufbau,Tunnel,,k_W,,-2,Wahr,{2C607A3C-FD2E-4DF9-A36C-5BD8C978590D},Gubristtunnel,Hart,Falsch,,Bund,Hochleistungsstrasse,limmat_unterengstringen_oggierbuhrer,Limmat,unterengstringen,58018.791
{87B87C07-01FD-4901-913F-0453E06FBE14},2019/06/18,2007/09/20,2000,,2019,6,verbessert,swisstopo,2019,6,Einfahrt,2015_Aufbau,Keine,,k_W,,0,Wahr,,,Hart,k_W,,Kanton,Hochleistungsstrasse,zugerseecholler_cham_blarerm,Zugersee,zug,25384.008
{3506ABE4-B968-434E-BD6A-EF2877073E9E},2015/10/12,2009/03/04,2004,3,2015,6,real,swisstopo,2015,6,8m Strasse,2016_Aufbau,Keine,,k_W,,0,Wahr,,,Hart,Falsch,,Kanton,Durchgangsstrasse,parc-des-pierrettes,Lac Léman,saint-sulpice,34260.855
{8B1C4DFF-EB77-4B0C-9982-B8217DDA3BF7},2018/07/05,2007/09/20,2000,,2016,6,verbessert,swisstopo,2016,6,Autobahn,1412_Aufbau,Keine,,k_W,,0,Wahr,,,Hart,Falsch,,Bund,Hochleistungsstrasse,sihl_horgen_bucherf,Sihl,horgen,37854.058
{F964F873-C727-477A-B4A8-8B923AF5E96E},2015/03/16,2009/03/04,2004,3,2015,6,verbessert,swisstopo,2009,5,10m Strasse,2016_Aufbau,Keine,,k_W,,0,Falsch,,,Hart,Falsch,,ub,Durchgangsstrasse,baby-plage-ii-geneve,Lac Léman,geneve,49306.807
{57D1496F-ACAD-4901-97CE-19ECB030A99B},2017/01/05,2011/02/07,2010,4,2016,6,verbessert,swisstopo,2016,6,Autostrasse,2017_Aufbau,Keine,,k_W,,0,Wahr,,,Hart,Falsch,,Bund,Hochleistungsstrasse,augustmutzenbergstrandweg,Thunersee,spiez,41253.817
{B13A7F9A-94D0-43E9-AC64-0CF2B6425AE9},2019/02/01,2009/04/27,2005,4,2019,10,verbessert,swisstopo,2018,6,4m Strasse,2018_Aufbau,Keine,Wanderweg,k_W,,0,Falsch,,,Hart,Falsch,,Kanton,Verbindungsstrasse,luscherz-plage,Bielersee,luscherz,17681.144
{CDBCF7C9-6DB7-4238-9B7D-B13EAE8925A7},2016/02/04,2007/09/20,2002,,2014,6,verbessert,swisstopo,2014,6,Autobahn,2015_Aufbau,Tunnel,,k_W,,-3,Wahr,{93AB5FA2-93C1-4210-837D-C34F4B5B4506},Kerenzertunnel,Hart,Falsch,,Bund,Hochleistungsstrasse,linth_route9brucke,Escherkanal,glarus-nord,23406.036
{7BA6B00A-477B-4DF1-9B8A-BCD5DEC1BE3F},2015/05/22,2010/09/17,2009,5,2018,6,verbessert,swisstopo,2011,3,Autobahn,2018_Aufbau,Bruecke,,k_W,,1,Wahr,{59891B88-1E97-4842-B1FC-0C7A4DA7B732},Schwarzwaldbrücke,Hart,Falsch,,Bund,Hochleistungsstrasse,rhein_basel,Rhein,basel,77139.506
{DF58F7C4-AFD5-4651-A3AD-5B8CFC5E3CEC},2017/01/26,2009/04/27,2004,4,2016,6,verbessert,swisstopo,2016,6,10m Strasse,2017_Aufbau,Keine,Wanderweg,k_W,,0,Falsch,,,Hart,Falsch,,Kanton,Durchgangsstrasse,maladaire,Lac Léman,la-tour-de-peilz,32994.812
{586ECDB8-13BF-4A30-AA1C-46606B0374A7},2016/11/21,2009/08/12,2004,8,2016,6,verbessert,swisstopo,2016,6,6m Strasse,2017_Aufbau,Keine,,k_W,,0,Falsch,,,Hart,Falsch,,Kanton,Verbindungsstrasse,delta-park,Thunersee,spiez,22369.743
{A6CEA352-B8C7-433B-AF9F-FBF2DDC601BE},2019/02/13,2009/04/27,2005,4,2019,10,verbessert,swisstopo,2018,6,10m Strasse,2018_Aufbau,Keine,Wanderweg,k_W,,0,Falsch,,,Hart,Falsch,,Bund,Durchgangsstrasse,mullermatte,Bielersee,biel,46543.010
{2BCAE3BE-58A3-4F4B-9657-40C141E8D45F},2016/02/19,2007/09/20,2002,,2013,6,verbessert,swisstopo,2013,6,4m Strasse,1412_Aufbau,Keine,,k_W,,0,Falsch,,,Hart,Falsch,,ub,k_W,strandbeiz,Zurichsee,jona-city,20852.511
{7477F274-60D1-4841-BD8D-49516D4CC363},2015/10/07,2007/09/20,2000,,2013,6,verbessert,swisstopo,2010,6,Autobahn,1412_Aufbau,Keine,,k_W,,0,Wahr,,,Hart,Falsch,,Bund,Hochleistungsstrasse,glatt_oerlikon_covosn,Glatt,opfikon,74107.215
{C5972438-D642-4D09-A48D-5D508377F0A7},2016/02/09,2007/09/20,2003,,2014,6,verbessert,swisstopo,2014,6,Autobahn,2015_Aufbau,Keine,,k_W,,0,Wahr,,,Hart,Falsch,,Bund,Hochleistungsstrasse,rhein_domatems_foppa_f,Rhein,domat-ems,46490.432
{92ED59C2-0523-43EB-9A8A-582F45E876F7},2016/02/25,2009/04/27,2006,4,2019,6,verbessert,swisstopo,2015,6,6m Strasse,2018_Aufbau,Keine,,k_W,,0,Falsch,,,Hart,Falsch,,Kanton,Verbindungsstrasse,vira-gambarogno,Lago Maggiore,gambarogno,21127.242
{D9D62A7C-BDDC-44F9-9C9B-DBE9F30084F4},2016/08/30,2009/08/12,2004,8,2016,6,verbessert,swisstopo,2016,6,4m Strasse,2016_Aufbau,Keine,Wanderweg,k_W,,0,Falsch,,,Hart,Falsch,,Kanton,Verbindungsstrasse,ruisseau-de-la-croix-plage,Neuenburgersee,cheyres,14918.894
{4E02CF0A-9306-41D5-9646-E444A2BB95B3},2019/11/22,2009/04/27,2006,4,2019,6,verbessert,swisstopo,2019,6,Autostrasse,2018_Aufbau,Tunnel,,k_W,,-2,Falsch,{D1697E97-9F5F-461E-B27E-4895651D4BCD},Galleria Mappo-Morettina,Hart,Falsch,,Bund,Hochleistungsstrasse,route-13,Maggia,locarno,64031.976
{5392D933-C88D-40DE-86D2-1029209D4325},2019/07/05,2009/04/27,2005,4,2019,7,verbessert,swisstopo,2019,7,Autobahn,2018_Aufbau,Keine,,k_W,,0,Wahr,,,Hart,Falsch,,Bund,Hochleistungsstrasse,emme_luterbach_huggenbergerk,Emme,zuchwil,47787.194
{09B8907D-A72E-49B0-A620-D307EE1BE98C},2017/01/04,2007/09/20,2000,,2016,6,verbessert,swisstopo,2016,6,Autobahn,1412_Aufbau,Bruecke,,k_W,,1,Wahr,,,Hart,Falsch,,Bund,Hochleistungsstrasse,sihl_zurich_himmelhebern,Sihl,zurich,63209.392
{6D2183F5-954C-4BAD-9ECF-6F0781A3582C},2015/10/16,2009/04/27,2000,4,2013,6,verbessert,swisstopo,2010,7,Ausfahrt,2015_Aufbau,Keine,,k_W,,0,Wahr,,,Hart,k_W,,Bund,Hochleistungsstrasse,sempachersee_sempach_tampec,Sempachsee,sempach,30833.915
{087D9AC4-E653-4143-A2F5-41022FC40622},2015/10/07,2007/09/20,2000,,2013,6,verbessert,swisstopo,2010,6,Autobahn,1412_Aufbau,Keine,,k_W,,0,Wahr,,,Hart,Falsch,,Bund,Hochleistungsstrasse,limmat_zuerich_jansena,Limmat,zurich,73821.309
{E4C341E7-1FEF-4B83-A065-1D07733946CC},2016/02/15,2007/09/20,2002,,2013,6,verbessert,swisstopo,2013,6,6m Strasse,1412_Aufbau,Keine,,k_W,,0,Falsch,,,Hart,Falsch,,Kanton,Durchgangsstrasse,schmerikon-bahnhof-strand,Zurichsee,schmerikon,33135.666
{A20D653E-2DB6-4E00-9026-5C8EFDC15BBB},2019/05/24,2009/04/27,2005,4,2019,10,verbessert,swisstopo,2018,6,Autobahn,2018_Aufbau,Bruecke,,k_W,,1,Wahr,{C5B0729E-53A8-4857-A4A5-029BF21C2A4E},Viaduc du Landeron Est,Hart,Falsch,,Bund,Hochleistungsstrasse,camp-des-peches,Bielersee,le-landeron,36996.193
{396912F5-3FEB-4858-85FE-A7277EC5EBD9},2016/05/18,2007/09/20,2000,,2013,6,verbessert,swisstopo,2013,6,Autostrasse,1412_Aufbau,Tunnel,,k_W,,-2,Falsch,{39DBDDF8-7409-41D0-8376-399216CB246C},Milchbucktunnel,Hart,Falsch,,Bund,Hochleistungsstrasse,sihl_zuerich_eggerskoehlingera,Sihl,zurich,82824.488
{32611D43-B0B6-42FA-AF18-3308C025EA15},2015/08/27,2009/03/04,2004,3,2015,6,verbessert,swisstopo,2009,5,10m Strasse,2016_Aufbau,Keine,,k_W,,0,Falsch,,,Hart,Falsch,,Kanton,Durchgangsstrasse,jardin-botanique,Lac Léman,geneve,47795.909
{B5AD2EB9-7DBA-46BA-9282-0A4D854DC38A},2015/06/26,2009/04/27,2005,4,2018,11,verbessert,swisstopo,2011,4,Autobahn,2018_Aufbau,Keine,,k_W,,0,Wahr,,,Hart,Falsch,,Bund,Hochleistungsstrasse,pecos-plage,Neuenburgersee,grandson,29717.904
{8B974617-FC17-46A6-B98A-3F1129C3674B},2015/11/24,2009/03/04,2004,3,2015,6,verbessert,swisstopo,2015,6,6m Strasse,2016_Aufbau,Keine,,k_W,,0,Wahr,,,Hart,Falsch,,ub,Verbindungsstrasse,arve_carouge_battistellak,Arve,veyrier,58756.724
{D90835DE-B638-4314-8AB2-47A7FB18B955},2015/10/07,2007/09/20,2000,,2013,6,verbessert,swisstopo,2010,6,Autobahn,1412_Aufbau,Keine,,k_W,,0,Wahr,,,Hart,Falsch,,Bund,Hochleistungsstrasse,limmat_zuerich_wagnerc,Limmat,zurich,63260.842
{541B2518-4A36-4A2A-8148-ED8BDC2CB0E7},2016/07/07,2009/08/12,2004,8,2016,6,verbessert,swisstopo,2016,6,1m Weg,2016_Aufbau,Keine,Wanderweg,k_W,,0,k_W,,,Natur,k_W,,k_W,k_W,pointe-dareuse,Neuenburgersee,boudry,12831.054
{5AF5D60C-5E11-429F-964D-EF349B84AB62},2015/09/02,2009/04/27,2006,4,2012,6,verbessert,swisstopo,2012,3,6m Strasse,1312_Aufbau,Keine,Wanderweg,k_W,,0,Falsch,,,Hart,Falsch,,Kanton,Verbindungsstrasse,sundbach-strand,Thunersee,beatenberg,16973.981
{6DC45634-A342-4FB1-9467-1F5DA33FCAE0},2016/02/04,2007/09/20,2002,,2014,6,verbessert,swisstopo,2014,6,Autobahn,2015_Aufbau,Keine,,k_W,,0,Wahr,,,Hart,Falsch,,Bund,Hochleistungsstrasse,linthdammweg,Linthkanal,weesen,38050.812
{1D4CB4A5-16F6-478C-A2C0-A7046D12DFAB},2019/11/22,2009/04/27,2005,4,2019,6,verbessert,swisstopo,2019,6,Autobahn,2018_Aufbau,Keine,,k_W,,0,Wahr,,,Hart,Falsch,,Bund,Hochleistungsstrasse,birs_reinach_dinuccin,Birs,reinach,78878.081
{766575E1-63CC-4935-812E-26EB92F6B210},2016/02/01,2007/09/20,2002,,2014,6,verbessert,swisstopo,2014,6,Autobahn,2015_Aufbau,Keine,,k_W,,0,Wahr,,,Hart,Falsch,,Bund,Hochleistungsstrasse,grendelbach_effretikon_dambonec,Grändelbach,illnau-effretikon,57017.917
{6378955A-4CD6-4810-916C-4D870A0224A3},2019/03/14,2009/04/27,2005,4,2019,10,verbessert,swisstopo,2018,6,2m Weg,2018_Aufbau,Keine,,Wahr,,0,Falsch,,,Natur,k_W,,k_W,k_W,beich,Aare,walperswil,28002.644
{32BFA81F-2C7F-4E9E-913F-328C09860B54},2016/02/15,2007/09/20,2002,,2013,6,verbessert,swisstopo,2013,6,4m Strasse,1412_Aufbau,Keine,,k_W,,0,Falsch,,,Hart,Falsch,,Kanton,Durchgangsstrasse,jona_tann_nusslin,Jona,durnten,40253.443
{A11204E4-50D6-4AA6-947B-30AEBACB7DBC},2016/02/17,2007/09/20,2000,,2013,6,verbessert,swisstopo,2013,6,6m Strasse,2015_Aufbau,Keine,,k_W,,0,Falsch,,,Hart,Falsch,,Kanton,Durchgangsstrasse,vierwaldstattersee_weggis_schoberls_2,Quatre Cantons,weggis,17808.818
{809B2349-3F88-4155-BBA0-EA158EDF2EE2},2016/02/25,2009/04/27,2000,4,2013,6,verbessert,swisstopo,2013,6,Autobahn,2015_Aufbau,Tunnel,,k_W,,-2,Wahr,{C96AF7A0-EE56-417B-8A84-1FD0B843916C},Reussporttunnel,Hart,Falsch,,Bund,Hochleistungsstrasse,reuss_stkarli_linigersimhofy,Reuss,luzern,74603.352
{EF0B1C39-AF7D-4D48-B89E-B6B57F06267B},2015/04/16,2009/04/27,2004,4,2016,6,verbessert,swisstopo,2010,4,10m Strasse,2017_Aufbau,Keine,,k_W,,0,Falsch,,,Hart,Falsch,,Kanton,Durchgangsstrasse,baye-de-clarens,Lac Léman,montreux,31001.914
{9F56A8A2-AC78-4F22-89F4-0A72EAAA3E18},2019/12/20,2009/04/27,2006,4,2012,7,restrukturiert,swisstopo,2009,8,Autostrasse,1312_Aufbau,Keine,,k_W,,0,Falsch,,,Hart,Falsch,,Bund,Hochleistungsstrasse,hafeli,Brienzersee,bonigen,29746.653
{AA6E765A-CAEB-41DB-A535-4E6A7EDE9CC7},2016/02/05,2007/09/20,2002,,2014,6,verbessert,swisstopo,2014,6,6m Strasse,2015_Aufbau,Keine,,k_W,,0,Falsch,,,Hart,Falsch,,ub,k_W,seemuhlestrasse-strand,Walensee,walenstadt,19358.408
{2BCAE3BE-58A3-4F4B-9657-40C141E8D45F},2016/02/19,2007/09/20,2002,,2013,6,verbessert,swisstopo,2013,6,4m Strasse,1412_Aufbau,Keine,,k_W,,0,Falsch,,,Hart,Falsch,,ub,k_W,jona-river-rastplatz,Jona,jona-city,21035.390
{CA0C35B4-27EA-4536-88BA-7276130B3CFF},2019/02/14,2007/09/20,2000,,2019,2,verbessert,swisstopo,2019,2,2m Weg,2015_Aufbau,Keine,,Falsch,,0,Falsch,,,Natur,k_W,,k_W,k_W,zugersee_immensee_guedesd,Zugersee,meierskappel,18445.848
{79D59B98-9BDF-49B3-8B40-4FDDF85A319E},2011/12/22,2007/09/20,2002,,2013,6,verbessert,swisstopo,2010,6,2m Weg,1412_Aufbau,Keine,,Wahr,,0,Falsch,,,Natur,k_W,,k_W,k_W,greifensee_uster_fischerb_-2,Greifensee,uster,23936.230
{F964F873-C727-477A-B4A8-8B923AF5E96E},2015/03/16,2009/03/04,2004,3,2015,6,verbessert,swisstopo,2009,5,10m Strasse,2016_Aufbau,Keine,,k_W,,0,Falsch,,,Hart,Falsch,,ub,Durchgangsstrasse,rocky-plage,Lac Léman,geneve,45731.026
{2C5C3226-0E18-4449-9DC8-F66790496559},2016/02/04,2007/09/20,2002,,2014,6,verbessert,swisstopo,2014,6,Autobahn,2015_Aufbau,Bruecke,,k_W,,2,Wahr,,,Hart,Falsch,,Bund,Hochleistungsstrasse,murg-bad,Walensee,quarten,25540.347
{658AF7DF-9C6E-4352-9715-FD6A71314E19},2016/02/03,2007/09/20,2002,,2014,6,verbessert,swisstopo,2014,6,Autobahn,2015_Aufbau,Keine,,k_W,,0,Wahr,,,Hart,Falsch,,Bund,Hochleistungsstrasse,sitter_stgallen_jennya,Sitter,st-gallen,45765.184
{7D97A083-25A5-412E-A116-8245E2E5E85C},2016/02/02,2007/09/20,2002,,2014,6,verbessert,swisstopo,2014,6,Autobahn,2015_Aufbau,Tunnel,,k_W,,-3,Wahr,{F7F6C575-515F-49EA-B665-3E6867726059},Rosenbergtunnel,Hart,Falsch,,Bund,Hochleistungsstrasse,sitter_stgallen_steinbrunnerf,Sitter,st-gallen,37962.725
{A54AEC75-2B17-4179-89D9-ABA3507388AE},2018/08/15,2007/09/20,2000,,2016,6,verbessert,swisstopo,2016,6,10m Strasse,1412_Aufbau,Keine,,k_W,,0,Falsch,,,Hart,Falsch,,Kanton,Durchgangsstrasse,zurichsee-feldeggstr-banningersand,Zurichsee,zurich,45032.060
{C7F2BFB9-3765-496D-96E5-972E9DD900F4},2015/03/17,2009/08/12,2004,8,2016,6,verbessert,swisstopo,2010,3,6m Strasse,2016_Aufbau,Keine,,k_W,,0,Falsch,,,Hart,Falsch,,Kanton,Verbindungsstrasse,neuenburgersee_cudrefin_mattera,Neuenburgersee,cudrefin,20723.136
{92215A4F-C279-40F2-BC0B-B39EC6DDDFC6},2015/10/07,2007/09/20,2000,,2013,6,verbessert,swisstopo,2010,6,Einfahrt,1412_Aufbau,Bruecke,,k_W,,1,Wahr,,,Hart,k_W,,Bund,Hochleistungsstrasse,sihl_zuerich_scherfs,Sihl,zurich,86986.728
{2C69DA94-C8ED-4D8B-BC15-B6B7081527C3},2016/03/01,2009/04/27,2006,4,2018,6,verbessert,swisstopo,2015,6,3m Strasse,2018_Aufbau,Keine,,Wahr,,0,Falsch,,,Hart,Falsch,,ub,k_W,sentiero-giro-del-golf-spiaggia,Lago Maggiore,ascona,10440.091
{2477C3AD-858E-4826-A546-4994CA5953FF},2016/02/11,2007/09/20,2002,,2013,6,verbessert,swisstopo,2013,6,4m Strasse,1412_Aufbau,Keine,,k_W,,0,Falsch,,,Hart,Falsch,,ub,k_W,greifensee_greifensee_simmenc,Greifensee,greifensee,24093.756
{0760D4FC-B5AC-45E4-81B1-750DA42C2FCC},2019/08/21,2009/04/27,2006,4,2018,6,verbessert,swisstopo,2018,6,10m Strasse,2018_Aufbau,Keine,,k_W,,0,Falsch,,,Hart,Falsch,,Kanton,Durchgangsstrasse,rivapiana,Lago Maggiore,minusio,36425.916
