slug,location,latitude,longitude,post,country,water,water_name,city_slug,water_na_1,is_2020,city,bfsnum,population,intersects,length
lacleman_gland_lecoanets,Lacléman_Gland_LecoanetS,46.402810600000002,6.281958600000000,1196,CH,l,Lac Léman,gland,lac-leman,True,Gland,5721,13109,0,42792
magadino-lido,Magadino lido,46.149348600000003,8.855662799999999,6573,CH,l,Lago Maggiore,gambarogno,lago-maggiore,True,Gambarogno,5398,5192,21,42792
seez,Seez,47.119830000000000,9.300250999999999,8880,CH,r,Seez,walenstadt,seez,True,Walenstadt,3298,5679,8,41313
oberi-chlihochstetten,Oberi Chlihöchstetten,46.896025000000002,7.532114000000000,3113,CH,r,Aare,rubigen,aare,True,Rubigen,623,2929,0,67175
glatt_oerlikon_covosn,glatt_oerlikon_covosN,47.416769100000003,8.566712000000001,8152,CH,r,Glatt,opfikon,glatt,False,Opfikon,66,20361,0,75212
mammern-swisslitterreport,Mammern swisslitterreport,47.655836600000001,8.955316800000000,8266,CH,l,Untersee,steckborn,untersee,False,Steckborn,4864,3753,0,161469
aare-limmatspitz,Aare Limmatspitz,47.501060000000003,8.237371000000000,5300,CH,r,Aare,gebenstorf,aare,True,Gebenstorf,4029,5414,0,37439
greifensee_greifensee_simmenc,greifensee_greifensee_simmenc,47.363572300000001,8.675699099999999,8606,CH,l,Greifensee,greifensee,greifensee,False,Greifensee,194,5358,0,111924
sihl_zuerich_eggerskoehlingera,sihl_zuerich_eggerskoehlingera,47.381898100000001,8.538327900000001,8005,CH,r,Sihl,zurich,sihl,True,Zürich,261,415367,0,50155
zulg_steffisburg_schmassmanne,zulg_steffisburg_schmassmanne,46.774243100000000,7.624537200000000,3612,CH,r,Zulg,steffisburg,zulg,False,Steffisburg,939,15709,0,173894
gals-reserve,Gals reserve,47.046271900000001,7.085007500000000,3238,CH,l,Bielersee,gals,bielersee,True,Gals,494,827,8,130101
murg-bad,Murg Bad,47.115307000000001,9.215691000000000,8877,CH,l,Walensee,quarten,walensee,True,Quarten,3295,2937,6,58522
bern-tiergarten,Bern Tiergarten,46.933157399999999,7.452004100000000,3005,CH,r,Aare,bern,aare,True,Bern,351,133883,0,42890
zurcher-strand,Zürcher Strand,47.364199999999997,8.537419999999999,8002,CH,l,Zurichsee,zurich,zurichsee,True,Zürich,261,415367,5,152308
camping-gwatt-strand,Camping Gwatt Strand,46.727139999999999,7.629620000000000,3645,CH,l,Thunersee,thun,thunersee,True,Thun,942,43734,6,156577
aare-solothurn-lido-strand,Aare Solothurn Lido Strand,47.196948999999996,7.521643000000000,4500,CH,r,Aare,solothurn,aare,True,Solothurn,2601,16777,0,66513
birs_basel_laderachs,Birs_basel_lÃ¤derachs,47.546049699999998,7.622598100000000,4052,CH,r,Birs,basel,birs,False,Basel,2701,172258,0,86255
nidau-strand,Nidau strand,47.127195999999998,7.232613000000000,2560,CH,l,Bielersee,nidau,bielersee,True,Nidau,743,6823,4,187838
bielersee_vinelz_fankhausers,Bielersee_Vinelz_FankhauserS,47.038398399999998,7.108311400000000,3234,CH,l,Bielersee,vinelz,bielersee,True,Vinelz,502,867,6,119591
sihl_menzingen_kucharska_magdalena,Sihl_Menzingen_Kucharska_Magdalena,47.191501199999998,8.618421400000001,6313,CH,r,Sihl,menzingen,sihl,False,Menzingen,1704,4539,0,58476
nouvelle-plage,Nouvelle plage,46.856646400000002,6.848428000000000,1470,CH,l,Neuenburgersee,estavayer,neuenburgersee,True,Estavayer,2054,9716,4,43375
jona_tann_nusslin,jona_tann_nusslin,47.268427199999998,8.864125100000001,8635,CH,r,Jona,durnten,jona,False,Dürnten,113,7637,0,52599
pierrier-sud,Pierrier sud,46.439560100000001,6.891000100000000,1815,CH,l,Lac Léman,montreux,lac-leman,False,Montreux,5886,25984,4,95911
reuss_hunenberg_eberhardy,reuss_hünenberg_eberhardy,47.232975500000002,8.401012100000001,6331,CH,r,Reuss,hunenberg,reuss,True,Hünenberg,1703,8808,0,68886
reuss_ottenbach_schoenenbergerl,reuss_ottenbach_schoenenbergerl,47.278354499999999,8.394224200000000,5634,CH,r,Reuss,merenschwand,reuss,True,Merenschwand,4234,3549,0,65968
thunersee_spiez_meierd_1,thunersee_spiez_meierd_1,46.704436800000003,7.657882400000000,3646,CH,l,Thunersee,spiez,thunersee,True,Spiez,768,12812,3,73422
bagno-pubblico-ascona,Bagno Pubblico Ascona,46.147565000000000,8.779144000000001,6612,CH,l,Lago Maggiore,ascona,lago-maggiore,True,Ascona,5091,5481,1,45839
zurichsee-feldeggstr-banningersand,Zürichsee Feldeggstr BänningerSand,47.359392200000002,8.547368199999999,8008,CH,l,Zurichsee,zurich,zurichsee,False,Zürich,261,415367,7,40698
plage-de-dorigny,Plage de Dorigny,46.518169000000000,6.583319000000000,1025,CH,l,Lac Léman,saint-sulpice,lac-leman,False,Saint-Sulpice (VD),5648,4668,1,118203
pont-sous-terre,Pont sous-terre,46.202959800000002,6.131576720000000,1205,CH,r,Rhône,geneve,rhone,True,Genève,6621,201818,2,105301
arabie,Arabie,46.462099000000002,6.834972000000000,1800,CH,l,Lac Léman,vevey,lac-leman,False,Vevey,5890,19891,5,212050
birs_basel_grunern,Birs_Basel_GrunerN,47.551127600000001,7.622198800000000,4052,CH,r,Birs,basel,birs,False,Basel,2701,172258,0,79655
lorze_baar_blarere,Lorze_Baar_BlarerE,47.195401900000000,8.540236999999999,6340,CH,r,Lorze,baar,lorze,False,Baar,1701,24468,0,176927
zuerichsee_maennedorf_vanderkaadene,zuerichsee_maennedorf_vanderkaadene,47.254753999999998,8.687503800000000,8708,CH,l,Zurichsee,mannedorf,zurichsee,False,Männedorf,155,11243,6,97503
flibach-river-right-bank,Flibach River Right bank,47.133741999999998,9.105461000000000,8872,CH,l,Walensee,weesen,walensee,True,Weesen,3316,1724,8,81480
jona-river-rastplatz,Jona river Rastplatz,47.216099999999997,8.844429999999999,8654,CH,r,Jona,jona-city,jona,True,Rapperswil-Jona,3340,26999,4,61551
vidy,Vidy,46.514715500000001,6.598588400000000,1007,CH,l,Lac Léman,lausanne,lac-leman,False,Lausanne,5586,139111,2,45586
cudrefin-alternate,Cudrefin alternate,46.963970000000003,7.027448000000000,1588,CH,l,Neuenburgersee,cudrefin,neuenburgersee,True,Cudrefin,5456,1633,6,93497
detligen-kraftwerk,detligen kraftwerk,47.005450000000003,7.244617000000000,3036,CH,r,Aare,detligen,aare,True,Radelfingen,309,1285,0,37198
vierwaldstattersee_weggis_schoberls_3,vierwaldstättersee_weggis_schöberls_3,47.029956599999998,8.410800999999999,6353,CH,l,Quatre Cantons,weggis,quatre-cantons,True,Weggis,1069,4369,0,67411
aare-port,Aare Port,47.116169999999997,7.269550000000000,2558,CH,r,Aare|Nidau-Büren-Kanal,port,aarenidau-buren-kanal,True,Port,745,3695,0,34747
strandbeiz,Strandbeiz,47.215861699999998,8.843098400000001,8645,CH,l,Zurichsee,jona-city,zurichsee,True,Rapperswil-Jona,3340,26999,4,120308
aare_elfenau_cataldiv,Aare_Elfenau_cataldiv,46.931020099999998,7.462960500000000,3006,CH,r,Aare,bern,aare,False,Bern,351,133883,0,45179
aare_rupperswil_badert,aare_rupperswil_badert,47.410308999999998,8.112553699999999,5102,CH,r,Aare,rupperswil,aare,False,Rupperswil,4206,5489,0,141165
aare_solothurn_nguyena,aare_solothurn_nguyena,47.197749500000000,7.524224700000000,4500,CH,r,Aare,solothurn,aare,False,Solothurn,2601,16777,0,90845
linth_mollis,Linth_Mollis,47.131369999999997,9.094768000000000,8872,CH,r,Linthkanal,glarus-nord,linthkanal,True,Glarus Nord,1630,18483,7,94192
luscherz-two,Lüscherz two,47.047519000000001,7.152829200000000,2573,CH,l,Bielersee,luscherz,bielersee,True,Lüscherz,497,560,6,72385
weissenau-neuhaus,Weissenau-Neuhaus,46.676583000000001,7.817528000000000,3800,CH,l,Thunersee,unterseen,thunersee,True,Unterseen,593,5751,11,39654
luscherz-plage,Lüscherz plage,47.047955100000003,7.151242000000000,2576,CH,l,Bielersee,luscherz,bielersee,True,Lüscherz,497,560,6,46161
sihl_zuerich_scherfs,Sihl_Zuerich_ScherfS,47.373149499999997,8.532369800000000,8001,CH,r,Sihl,zurich,sihl,False,Zürich,261,415367,4,37311
limmat_dietikon_keiserp,limmat_dietikon_keiserp,47.407989100000002,8.409539799999999,8953,CH,r,Limmat,dietikon,limmat,True,Dietikon,243,27265,0,176898
la-petite-plage,La Petite plage,46.785054000000002,6.656877000000000,1400,CH,l,Neuenburgersee,yverdon-les-bains,neuenburgersee,True,Yverdon-les-Bains,5938,30157,7,130217
unterdsee_ermatingen_brunkem,unterdsee_ermatingen_brunkem,47.672633300000001,9.081246200000001,8272,CH,l,Untersee,ermatingen,untersee,False,Ermatingen,4646,3455,0,72127
baby-plage-geneva,Baby Plage Geneva,46.208557999999996,6.162923000000000,1208,CH,l,Lac Léman,geneve,lac-leman,True,Genève,6621,201818,4,48356
goldach_goldach_schlachterj,goldach_goldach_schlachterj,47.473911100000002,9.459309400000000,9403,CH,r,Goldach,goldach,goldach,False,Goldach,3213,9269,0,136059
sihl_leimbach_kruegerm,sihl_leimbach_kruegerm,47.325436099999997,8.519119500000000,8041,CH,r,Sihl,zurich,sihl,False,Zürich,261,415367,0,109147
preverenges,Préverenges,46.512689999999999,6.527657000000000,1028,CH,l,Lac Léman,preverenges,lac-leman,True,Préverenges,5643,5287,2,115553
baby-plage-ii-geneve,Baby-Plage II Genève,46.208939999999998,6.164330000000000,1208,CH,l,Lac Léman,geneve,lac-leman,True,Genève,6621,201818,4,67132
sihlsee_einsiedeln_schilligerllacherl,sihlsee_einsiedeln_schilligerllacherl,47.141393800000003,8.760358800000001,8840,CH,l,Sihlsee,einsiedeln,sihlsee,False,Einsiedeln,1301,15870,0,132176
greifensee_fallanden_meistery,greifensee_fällanden_meistery,47.360938099999998,8.653722800000001,8117,CH,l,Greifensee,fallanden,greifensee,False,Fällanden,193,8672,0,51831
aabach,Aabach,47.220989000000003,8.940365000000000,8716,CH,l,Zurichsee,schmerikon,zurichsee,True,Schmerikon,3338,3710,12,59550
rhein_basel,Rhein_Basel,47.556801800000002,7.601085600000000,4058,CH,r,Rhein,basel,rhein,False,Basel,2701,172258,0,65298
ruisseau-de-la-croix-plage,Ruisseau de la croix plage,46.813920000000003,6.774700000000000,1468,CH,l,Neuenburgersee,cheyres,neuenburgersee,True,Cheyres-Châbles,2055,2320,7,179104
zuerichsee_richterswil_benkoem_2,zuerichsee_richterswil_benkoem_2,47.217645800000000,8.698713300000000,8805,CH,l,Zurichsee,richterswil,zurichsee,True,Richterswil,138,13513,3,32157
rhein_domatems_foppa_f,rhein_domatems_foppa_f,46.838037499999999,9.447638700000001,7013,CH,r,Rhein,domat-ems,rhein,False,Domat/Ems,3722,8038,0,61771
sundbach-strand,Sundbach strand,46.684386000000003,7.794768000000000,3803,CH,l,Thunersee,beatenberg,thunersee,True,Beatenberg,571,1195,6,84442
la-thiele_le-mujon_confluence,La Thièle_Le Mujon_confluence,46.775340000000000,6.630900000000000,1400,CH,r,La Thièle,yverdon-les-bains,la-thiele,True,Yverdon-les-Bains,5938,30157,0,40419
schiffenensee_duedingen_hirschij,schiffenensee_duedingen_hirschij,46.859151400000002,7.176437400000000,3186,CH,l,Schiffenensee,dudingen,schiffenensee,False,Düdingen,2293,7964,0,116211
camp-des-peches,Camp des pêches,47.052812000000003,7.074053000000000,2525,CH,l,Bielersee,le-landeron,bielersee,True,Le Landeron,6455,4645,8,48557
schmerikon-bahnhof-strand,Schmerikon Bahnhof Strand,47.224780000000003,8.944179999999999,Postal-code,CH,l,Zurichsee,schmerikon,zurichsee,True,Schmerikon,3338,3710,10,74173
cully-plage,Cully plage,46.488886600000001,6.741396100000000,1096,CH,l,Lac Léman,bourg-en-lavaux,lac-leman,True,Bourg-en-Lavaux,5613,5369,8,75981
san-nazzaro-gambarogno,san nazzaro-gambarogno,46.130443000000000,8.798657000000000,6575,CH,l,Lago Maggiore,gambarogno,lago-maggiore,True,Gambarogno,5398,5192,13,62762
vira-gambarogno,Vira Gambarogno,46.143343000000002,8.838759000000000,6574,CH,l,Lago Maggiore,gambarogno,lago-maggiore,True,Gambarogno,5398,5192,17,45677
zuerichsee_waedenswil_colomboc_1,zuerichsee_waedenswil_colomboc_1,47.219546800000003,8.691961100000000,8805,CH,l,Zurichsee,richterswil,zurichsee,True,Richterswil,138,13513,3,41452
leuk-mattenstrasse,leuk mattenstrasse,46.314754499999999,7.622520500000000,3953,CH,r,Rhône,leuk,rhone,True,Leuk,6110,3949,0,68049
impromptu_cudrefin,Impromptu_Cudrefin,46.964495999999997,7.027936000000000,1588,CH,l,Neuenburgersee,cudrefin,neuenburgersee,True,Cudrefin,5456,1633,6,87159
signalpain,Signalpain,46.786200000000001,6.647360000000000,1400,CH,l,Neuenburgersee,yverdon-les-bains,neuenburgersee,True,Yverdon-les-Bains,5938,30157,8,36129
langete_langenthal_geiserm,langete_langenthal_geiserm,47.216533200000001,7.792304100000000,4900,CH,r,Langeten,langenthal,langeten,False,Langenthal,329,15624,0,83908
bern-fahrstrasse,Bern Fahrstrasse,46.975866000000003,7.444210000000000,3004,CH,r,Aare,bern,aare,True,Bern,351,133883,0,126702
bain-des-dames,Bain des Dames,46.450506799999999,6.858091800000000,1814,CH,l,Lac Léman,la-tour-de-peilz,lac-leman,True,La Tour-de-Peilz,5889,11828,2,135559
greifensee_fallanden_simmenc,greifensee_fällanden_simmenc,47.359714099999998,8.654843300000000,8117,CH,l,Greifensee,fallanden,greifensee,False,Fällanden,193,8672,0,65413
le-pierrier,Le Pierrier,46.439726999999998,6.888968000000000,1815,CH,l,Lac Léman,montreux,lac-leman,True,Montreux,5886,25984,4,58024
arve_carouge_battistellak,arve_carouge_battistellak,46.178491200000003,6.154318700000000,1234,CH,r,Arve,veyrier,arve,False,Veyrier,6645,11612,0,62677
greifensee_maur_simmenc,greifensee_maur_simmenc,47.332386399999997,8.685514599999999,8124,CH,l,Greifensee,maur,greifensee,False,Maur,195,10215,0,140170
tschilljus,Tschilljus,46.304398999999997,7.580262000000000,3970,CH,r,Rhône,salgesch,rhone,True,Salgesch,6113,1548,0,44618
zugerseecholler_cham_blarerm,ZugerseeCholler_Cham_BlarerM,47.178215700000003,8.480012800000001,6300,CH,l,Zugersee,zug,zugersee,True,Zug,1711,30542,0,83415
sorne_birse_wwfjura,sorne_birse_WWFJura,47.370986799999997,7.360909900000000,2800,CH,r,Birs,delemont,birs,False,Delémont,6711,12682,0,64555
katzensee_regensdorfzuerichaffoltern_stueberj,katzensee_regensdorfzuerichaffoltern_stueberj,47.431128100000002,8.492924300000000,8046,CH,l,Katzensee,zurich,katzensee,False,Zürich,261,415367,0,88234
maladaire,Maladaire,46.446295999999997,6.876960000000000,1814,CH,l,Lac Léman,la-tour-de-peilz,lac-leman,True,La Tour-de-Peilz,5889,11828,3,90461
thur_schwarzenbach_meiliw,thur_schwarzenbach_meiliw,47.446786600000003,9.063815600000000,9500,CH,r,Thur,wil,thur,False,Wil (SG),3427,23966,0,75317
rolle-plage,Rolle-plage,46.461300000000001,6.349739000000000,1180,CH,l,Lac Léman,rolle,lac-leman,False,Rolle,5861,6259,5,76760
versoix,Versoix,46.289194000000002,6.170569300000000,1290,CH,l,Lac Léman,versoix,lac-leman,True,Versoix,6644,13432,5,78058
canale-saleggi,Canale saleggi,46.200624500000004,9.015853000000000,6500,CH,r,Ticino,bellinzona,ticino,True,Bellinzona,5002,43220,0,66779
la-pecherie,La Pêcherie,46.463918700000001,6.385732100000000,1165,CH,l,Lac Léman,allaman,lac-leman,True,Allaman,5851,442,3,120229
bodensee_altenrhein_caluoria,bodensee_altenrhein_caluoria,47.486506900000002,9.543966400000000,9422,CH,l,Bodensee,thal,bodensee,False,Thal,3237,6571,0,41408
sihl_zurich_himmelhebern,sihl_zurich_himmelhebern,47.343055399999997,8.518612200000000,8041,CH,r,Sihl,zurich,sihl,False,Zürich,261,415367,0,54763
thun-strandbad,Thun Strandbad,46.739939000000000,7.633520000000000,3504,CH,l,Thunersee,thun,thunersee,True,Thun,942,43734,5,135203
bodensee_horn_huberm,bodensee_horn_huberm,47.498275700000001,9.456978200000000,9326,CH,l,Bodensee,horn,bodensee,False,Horn,4421,2752,0,97174
rastplatz-stampf,Rastplatz Stampf,47.215176999999997,8.844286000000000,8645,CH,l,Zurichsee,jona-city,zurichsee,True,Rapperswil-Jona,3340,26999,5,53937
chriesbach_duebendorf_schneidera,chriesbach_duebendorf_schneidera,47.402919500000003,8.605145800000001,8600,CH,r,Chriesbach,dubendorf,chriesbach,False,Dübendorf,191,28678,0,40245
rivapiana,Rivapiana,46.172078999999997,8.813255000000000,6648,CH,l,Lago Maggiore,minusio,lago-maggiore,True,Minusio,5118,7302,7,156633
reuss,Reuss,47.329869100000003,8.356849300000000,5626,CH,r,Reuss,bremgarten,reuss,False,Bremgarten (AG),4063,7946,0,87746
lacleman_vidy_santie,lacléman_vidy_santie,46.518317799999998,6.589607800000000,1007,CH,l,Lac Léman,lausanne,lac-leman,False,Lausanne,5586,139111,2,68911
bodensee_steinach_dolder_a,Bodensee_Steinach_Dolder_A,47.506299200000001,9.436171399999999,9323,CH,l,Bodensee,steinach,bodensee,False,Steinach,3217,3606,0,108701
rhein-beach-tinguely,Rhein Beach Tinguely,47.558643900000000,7.612153600000000,4058,CH,r,Rhein,basel,rhein,False,Basel,2701,172258,0,87313
erlach-camping-strand,Erlach camping strand,47.047159000000001,7.097854000000000,3235,CH,l,Bielersee,erlach,bielersee,True,Erlach,492,1385,8,177267
birskopfli-rusco,Birsköpfli Rusco,47.557742900000001,7.617291600000000,4127,CH,r,Birs,birsfelden,birs,False,Birsfelden,2766,10303,0,38782
lac-leman-hammerdirt,Lac Léman Hammerdirt,46.450389199999996,6.858234200000000,1814,CH,l,Lac Léman,la-tour-de-peilz,lac-leman,False,La Tour-de-Peilz,5889,11828,2,176988
spackmatt,Späckmatt,47.223748999999998,7.576711000000000,4542,CH,r,Aare,luterbach,aare,True,Luterbach,2527,3480,0,64861
gasi-strand,Gäsi Strand,47.128442000000000,9.110830999999999,8872,CH,l,Walensee,weesen,walensee,True,Weesen,3316,1724,8,96389
plage-de-serriere,Plage de Serrière,46.984850000000002,6.913450000000000,2000,CH,l,Neuenburgersee,neuchatel,neuenburgersee,True,Neuchâtel,6458,33489,2,59499
aare_bern_scheurerk,aare_bern_scheurerk,46.970967199999997,7.452585700000000,3004,CH,r,Aare,bern,aare,True,Bern,351,133883,0,103501
pfafikon-bad,Pfäfikon bad,47.206766000000002,8.774182000000000,8808,CH,l,Zurichsee,freienbach,zurichsee,True,Freienbach,1322,16391,6,167239
la-morges,La Morges,46.504063000000002,6.494099000000000,1110,CH,l,Lac Léman,morges,lac-leman,False,Morges,5642,15708,1,62569
route-13,Route 13,46.162520999999998,8.782579100000000,6600,CH,r,Maggia,locarno,maggia,True,Locarno,5113,15826,1,72218
inn_pradella_kohlt,Inn_Pradella_KohlT,46.800876000000002,10.319993999999999,7550,CH,r,Inn,scuol,inn,False,Scuol,3762,4591,0,131821
toss_winterthur-2,Töss_Winterthur 2,47.478707300000003,8.708426400000000,8406,CH,r,Töss,winterthur,ti12ss,False,Winterthur,230,111851,0,60357
plage-de-cheyres,Plage de Cheyres,46.818688999999999,6.782256000000000,1468,CH,l,Neuenburgersee,cheyres,neuenburgersee,True,Cheyres-Châbles,2055,2320,6,108943
zugersee_immensee_guedesd,zugersee_Immensee_Guedesd,47.106686900000000,8.478881200000000,6344,CH,l,Zugersee,meierskappel,zugersee,False,Meierskappel,1064,1460,0,36327
augustmutzenbergstrandweg,AugustMützenbergStrandweg,46.686639999999997,7.689760000000000,3700,CH,l,Thunersee,spiez,thunersee,True,Spiez,768,12812,0,28849
walensee_walenstadt_wysse,Walensee_Walenstadt_WyssE,47.121828200000003,9.299551700000000,8880,CH,l,Walensee,walenstadt,walensee,True,Walenstadt,3298,5679,9,78706
limmat_zurich_mortensena_meiera,limmat_zürich_mortensena_meiera,47.400251500000003,8.485410999999999,8064,CH,r,Limmat,zurich,limmat,True,Zürich,261,415367,0,65348
hafeli,Häfeli,46.690283399999998,7.898592200000000,3806,CH,l,Brienzersee,bonigen,brienzersee,True,Bönigen,572,2536,5,153155
tolochenaz,Tolochenaz,46.497509500000000,6.482874700000000,1131,CH,l,Lac Léman,tolochenaz,lac-leman,True,Tolochenaz,5649,1933,2,70327
lavey-les-bains-2,lavey les bains-2,46.207726000000001,7.011685000000000,Postal-code,CH,r,Rhône,lavey-morcles,rhone,True,Lavey-Morcles,5406,946,0,63875
rocky-plage,Rocky plage,46.209736749999998,6.164952370000000,1208,CH,l,Lac Léman,geneve,lac-leman,True,Genève,6621,201818,4,92999
grand-clos,Grand Clos,46.387746000000000,6.843686000000000,1898,CH,l,Lac Léman,saint-gingolph,lac-leman,True,Saint-Gingolph,6155,982,6,126940
linthdammweg,Linthdammweg,47.131790000000002,9.091910000000000,8872,CH,r,Linthkanal,weesen,linthkanal,True,Weesen,3316,1724,6,39727
wycheley,Wycheley,46.740369999999999,8.048640000000001,3855,CH,l,Brienzersee,brienze-be,brienzersee,True,Brienz (BE),573,3092,11,72715
aare_koniz_hoppej,aare_köniz_hoppej,46.934588499999997,7.458170300000000,3084,CH,r,Aare,koniz,aare,True,Köniz,355,41784,0,50844
schutzenmatte,Schútzenmatte,47.057665999999998,7.634001000000000,3400,CH,r,Emme,burgdorf,emme,True,Burgdorf,404,16420,0,157177
villa-barton,Villa Barton,46.222349999999999,6.152500000000000,1202,CH,l,Lac Léman,geneve,lac-leman,True,Genève,6621,201818,0,117484
aare_bern_caveltin,Aare_Bern_CaveltiN,46.923578800000001,7.473319100000000,3074,CH,r,Aare,muri-bei-bern,aare,False,Muri bei Bern,356,13054,0,85080
mols-rocks,mols rocks,47.114343200000000,9.288173700000000,8885,CH,l,Walensee,quarten,walensee,True,Quarten,3295,2937,7,106105
zurichsee_wollishofen_langendorfm,zürichsee_wollishofen_langendorfm,47.345889900000003,8.536154500000000,8038,CH,l,Zurichsee,zurich,zurichsee,True,Zürich,261,415367,2,48661
thur_schoenenberg_schaera,Thur_Schoenenberg_SchaerA,47.524072599999997,9.198334700000000,9214,CH,r,Thur,kradolf-schonenberg,thur,False,Kradolf-Schönenberg,4501,3592,0,94586
saint-sulpice,Saint Sulpice,46.507807999999997,6.545344000000000,1025,CH,l,Lac Léman,saint-sulpice,lac-leman,False,Saint-Sulpice (VD),5648,4668,1,70243
anarchy-beach,Anarchy Beach,46.447215999999997,6.859612000000000,1814,CH,l,Lac Léman,la-tour-de-peilz,lac-leman,True,La Tour-de-Peilz,5889,11828,3,56818
rhein_eglisau_gomringerp,rhein_eglisau_gomringerp,47.573315899999997,8.534584700000000,8193,CH,r,Rhein,eglisau,rhein,False,Eglisau,55,5217,0,48471
seez_spennwiesenbrucke,Seez_Spennwiesenbrücke,47.114947999999998,9.310123000000001,8880,CH,r,Seez,walenstadt,seez,True,Walenstadt,3298,5679,4,95340
sentiero-giro-del-golf-spiaggia,Sentiero Giro del Golf spiaggia,46.145769999999999,8.790430000000001,6612,CH,l,Lago Maggiore,ascona,lago-maggiore,True,Ascona,5091,5481,1,84123
aare_bern_gerberm,Aare_bern_gerberm,46.989363099999998,7.452097700000000,3004,CH,r,Aare,bern,aare,False,Bern,351,133883,0,26726
greifensee_uster_fischerb_-2,greifensee_uster_fischerb_ 2,47.347436000000002,8.689880499999999,8610,CH,l,Greifensee,uster,greifensee,False,Uster,198,34722,0,112333
zurichsee_kusnachterhorn_thirkell-whitej,Zürichsee_Küsnachterhorn_Thirkell WhiteJ,47.317684900000003,8.576860200000000,8700,CH,l,Zurichsee,kusnacht,zurichsee,True,Küsnacht (ZH),154,14397,3,52995
reuss_stkarli_linigersimhofy,Reuss_St.Karli_LinigerS/ImhofY,47.057111800000001,8.287914499999999,6004,CH,r,Reuss,luzern,reuss,False,Luzern,1061,81691,0,57824
linth_route9brucke,Linth_Route9brücke,47.125729999999997,9.117340000000000,8757,CH,r,Escherkanal,glarus-nord,escherkanal,True,Glarus Nord,1630,18483,6,156683
berlingen-swisslitterreport,Berlingen swisslitterreport,47.672431199999998,9.011055300000001,8267,CH,l,Untersee,berlingen,untersee,False,Berlingen,4801,890,0,49911
untertenzen,Untertenzen,47.115259999999999,9.254780000000000,8882,CH,l,Walensee,quarten,walensee,True,Quarten,3295,2937,5,39201
aare_suhrespitz_badert,aare_suhrespitz_badert,47.405669199999998,8.066018000000000,5032,CH,r,Aare,aarau,aare,True,Aarau,4001,21506,0,49473
baye-de-montreux-g,Baye de Montreux G,46.430833999999997,6.908778000000000,1820,CH,l,Lac Léman,montreux,lac-leman,True,Montreux,5886,25984,3,132795
parc-des-pierrettes,Parc des Pierrettes,46.515214999999998,6.575531000000000,1025,CH,l,Lac Léman,saint-sulpice,lac-leman,True,Saint-Sulpice (VD),5648,4668,1,70663
pacha-mama-gerra,pacha mama-gerra,46.123472999999997,8.783507999999999,6576,CH,l,Lago Maggiore,gambarogno,lago-maggiore,True,Gambarogno,5398,5192,18,84407
seeflechsen,seeflechsen,47.130222900000000,9.103399599999999,8872,CH,l,Walensee,glarus-nord,walensee,True,Glarus Nord,1630,18483,8,28418
lavey-les-bains,Lavey les bains,46.205158699999998,7.012722000000000,1892,CH,r,Rhône,lavey-les-bains,rhone,True,Lavey-Morcles,5406,946,0,67393
aarezufluss_bern_scheurerk,aarezufluss_bern_scheurerk,46.971009700000003,7.452789700000000,3004,CH,r,Aare,bern,aare,False,Bern,351,133883,0,89646
sitter_stgallen_jennya,Sitter_St.Gallen_JennyA,47.410242400000001,9.320376000000000,9014,CH,r,Sitter,st-gallen,sitter,False,St. Gallen,3203,75833,0,167120
hauterive-petite-plage,Hauterive Petite plage,47.010796999999997,6.980304000000000,2068,CH,l,Neuenburgersee,hauterive-ne,neuenburgersee,True,Hauterive (NE),6454,2623,1,103324
quai-maria-belgia,Quai Maria Belgia,46.460155999999998,6.836718000000000,1800,CH,l,Lac Léman,vevey,lac-leman,True,Vevey,5890,19891,4,85236
preverenges-le-sout,preverenges-le sout,46.508904899999997,6.534526300000000,1028,CH,l,Lac Léman,preverenges,lac-leman,True,Préverenges,5643,5287,1,72647
baye-de-clarens,Baye de Clarens,46.439787000000003,6.888903000000000,1815,CH,l,Lac Léman,montreux,lac-leman,False,Montreux,5886,25984,4,55037
bodensee_arbon_moslis,Bodensee_Arbon_MosliS,47.520888700000000,9.431144000000000,9320,CH,l,Bodensee,arbon,bodensee,False,Arbon,4401,14633,0,62845
ascona-traghetto-spiaggia,Ascona traghetto spiaggia,46.153882000000003,8.768480000000000,6612,CH,l,Lago Maggiore,ascona,lago-maggiore,True,Ascona,5091,5481,2,58081
murg_waengi_strickerr,Murg_Waengi_StrickerR,47.493609999999997,8.961592800000000,9545,CH,r,Murg,wangi,murg,False,Wängi,4781,4720,0,79411
aare_kehrsatz_stolten,aare_kehrsatz_stolten,46.923571899999999,7.488301100000000,3123,CH,r,Aare,belp,aare,False,Belp,861,11510,0,77451
zuerichsee_staefa_hennm,zuerichsee_staefa_hennm,47.234643100000000,8.769881399999999,8713,CH,l,Zurichsee,stafa,zurichsee,True,Stäfa,158,14497,4,100503
plage-de-st-sulpice,Plage de St Sulpice,46.513264999999997,6.570977000000000,1025,CH,l,Lac Léman,saint-sulpice,lac-leman,True,Saint-Sulpice (VD),5648,4668,1,51389
rhein_basel_hungerbuehlern,Rhein_Basel_HungerbuehlerN,47.558217599999999,7.610348800000000,4058,CH,r,Rhein,basel,rhein,False,Basel,2701,172258,0,73015
aare_brugg_buchie,Aare_Brugg_BuchiE,47.494855299999998,8.236558100000000,5200,CH,r,Aare,brugg,aare,False,Brugg,4095,11179,0,178634
vierwaldstattersee_weggis_schoberls_1,vierwaldstättersee_weggis_schöberls_1,47.044532099999998,8.418568900000000,6353,CH,l,Quatre Cantons,weggis,quatre-cantons,True,Weggis,1069,4369,0,120295
sihl_adliswil_oggi_fort,Sihl_Adliswil_Oggi_Fort,47.312421700000002,8.526254900000000,8134,CH,r,Sihl,adliswil,sihl,False,Adliswil,131,18769,0,44328
aare_post,Aare_post,47.116664999999998,7.271953000000000,2562,CH,r,Aare|Nidau-Büren-Kanal,port,aarenidau-buren-kanal,True,Port,745,3695,0,127902
evole-plage,Evole plage,46.989477000000001,6.923920000000000,2000,CH,l,Neuenburgersee,neuchatel,neuenburgersee,True,Neuchâtel,6458,33489,1,118708
neuenburgersee_cudrefin_mattera,Neuenburgersee_Cudrefin_MatterA,46.962708900000003,7.025968100000000,1588,CH,l,Neuenburgersee,cudrefin,neuenburgersee,False,Cudrefin,5456,1633,6,113865
toss_bauma_kurthe,Töss_Bauma_KurthE,47.370175699999997,8.867824900000000,8494,CH,r,Töss,bauma,ti12ss,False,Bauma,297,4965,0,38223
greifensee_uster_fischerb_1,greifensee_uster_fischerb_1,47.350127399999998,8.689797199999999,8610,CH,l,Greifensee,uster,greifensee,False,Uster,198,34722,0,81582
ognonnaz-1,Ognonnaz 1,46.459941299999997,6.859134100000000,1800,CH,r,Ognonnaz,vevey,ognonnaz,False,Vevey,5890,19891,1,57244
baye-de-montreux-d,Baye de Montreux D,46.430962000000001,6.908673000000000,1820,CH,l,Lac Léman,montreux,lac-leman,False,Montreux,5886,25984,3,121389
lotschebach_bern_scheurerk,lötschebach_bern_scheurerk,46.964945999999998,7.492835900000000,3072,CH,r,Lötschebach,ostermundigen,lotschebach,False,Ostermundigen,363,17751,0,71029
limmat_unterengstringen_oggierbuhrer,Limmat_Unterengstringen_OggierBührer,47.409400300000001,8.446933400000001,8103,CH,r,Limmat,unterengstringen,limmat,True,Unterengstringen,249,3881,0,118399
urnaesch_urnaesch_meierr,urnaesch_urnaesch_meierr,47.325098599999997,9.295418800000000,9107,CH,r,Urnäsch,hundwil,urnasch,False,Hundwil,3002,941,0,125842
ligerz-strand,Ligerz strand,47.083978999999999,7.135894000000000,2514,CH,l,Bielersee,ligerz,bielersee,True,Ligerz,740,544,4,53452
lacleman_gland_kubela,lacléman_gland_kubela,46.402869299999999,6.281935800000000,1196,CH,l,Lac Léman,gland,lac-leman,False,Gland,5721,13109,0,50825
mannewil,Mannewil,46.996381999999997,7.239024000000000,3283,CH,r,Aare,kallnach,aare,True,Kallnach,304,1920,0,42931
pecos-plage,Pécos Plage,46.803590000000000,6.636650000000000,1422,CH,l,Neuenburgersee,grandson,neuenburgersee,True,Grandson,5561,3357,6,68282
schusspark-strand,Schüsspark strand,47.146500000000003,7.268620000000000,2504,CH,r,Schüss,biel,schuss,True,Biel/Bienne,371,55159,0,59790
brugg-be-buren-bsg-standort,Brügg BE Büren BSG Standort,47.122219999999999,7.281410000000000,2555,CH,r,Aare|Nidau-Büren-Kanal,brugg,aarenidau-buren-kanal,True,Brügg,733,4390,0,140814
oyonne,Oyonne,46.456682000000001,6.852262000000000,1814,CH,l,Lac Léman,la-tour-de-peilz,lac-leman,True,La Tour-de-Peilz,5889,11828,2,108796
vidy-ruines,Vidy ruines,46.516221000000002,6.596279000000000,1007,CH,l,Lac Léman,lausanne,lac-leman,True,Lausanne,5586,139111,2,97280
veveyse,Veveyse,46.461022000000000,6.834983000000000,1800,CH,l,Lac Léman,vevey,lac-leman,False,Vevey,5890,19891,5,99630
tiger-duck-beach,Tiger duck beach,46.518256000000001,6.582546000000000,1025,CH,l,Lac Léman,saint-sulpice,lac-leman,True,Saint-Sulpice (VD),5648,4668,1,72046
les-glariers,Les Glariers,46.176735999999998,7.228925000000000,6139,CH,r,Rhône,riddes,rhone,True,Riddes,6139,3133,0,105251
muhlehorn-dorf,Mühlehorn dorf,47.118448000000001,9.172124000000000,8874,CH,l,Walensee,glarus-nord,walensee,True,Glarus Nord,1630,18483,7,106984
limmat_zuerich_wagnerc,Limmat_Zuerich_WagnerC,47.403495599999999,8.477770100000001,8064,CH,r,Limmat,zurich,limmat,True,Zürich,261,415367,0,48280
pfaffner_rothrist_ischik,Pfaffner_Rothrist_Ischik,47.298567800000001,7.899466400000000,4852,CH,r,Pfaffnern,rothrist,pfaffnern,False,Rothrist,4282,9127,0,144548
bodensee_thal_schlachterj_1,bodensee_thal_schlachterj_1,47.486216300000002,9.543909899999999,9422,CH,l,Bodensee,thal,bodensee,False,Thal,3237,6571,0,102589
sense_torishaus_g-cubes,Sense_Törishaus_g cubes,46.883120599999998,7.353188900000000,3174,CH,r,Sense,koniz,sense,False,Köniz,355,41784,0,56094
boiron,Boiron,46.491029699999999,6.480161800000000,1131,CH,l,Lac Léman,tolochenaz,lac-leman,False,Tolochenaz,5649,1933,1,72726
vierwaldstattersee_weggis_schoberls_2,vierwaldstättersee_weggis_schöberls_2,47.043953000000002,8.417307599999999,6353,CH,l,Quatre Cantons,weggis,quatre-cantons,True,Weggis,1069,4369,0,35552
emme_luterbach_huggenbergerk,emme_luterbach_huggenbergerk,47.211944199999998,7.574014400000000,4528,CH,r,Emme,zuchwil,emme,False,Zuchwil,2534,8962,0,43729
delta-park,Delta park,46.720078000000001,7.635304000000000,3645,CH,l,Thunersee,spiez,thunersee,True,Spiez,768,12812,6,113124
limmat_zuerich_jansena,Limmat_Zuerich_JansenA,47.400024700000003,8.484684700000001,8064,CH,r,Limmat,zurich,limmat,True,Zürich,261,415367,0,56675
gummligrabbe,Gummligrabbe,46.989289999999997,7.250730000000000,3283,CH,r,Aare,kallnach,aare,True,Kallnach,304,1920,0,152966
sihl_zuerich_eichenbergerd,Sihl_zuerich_eichenbergerD,47.339588300000003,8.516696500000000,8041,CH,r,Sihl,zurich,sihl,True,Zürich,261,415367,0,58975
seemuhlestrasse-strand,Seemühlestrasse Strand,47.128639999999997,9.295100000000000,8880,CH,l,Walensee,walenstadt,walensee,True,Walenstadt,3298,5679,8,124347
gerra-gambarogno,gerra-gambarogno,46.123365999999997,8.785786000000000,6576,CH,l,Lago Maggiore,gambarogno,lago-maggiore,True,Gambarogno,5398,5192,17,49013
rhein_hemishofen_stolll,Rhein_Hemishofen_StollL,47.675523599999998,8.828029200000000,8261,CH,r,Rhein,hemishofen,rhein,False,Hemishofen,2962,468,0,32580
emme_biberist_jennim,emme_biberist_jennim,47.169220799999998,7.558994800000000,4562,CH,r,Emme,biberist,emme,False,Biberist,2513,8568,0,74724
les-vieux-ronquoz,Les Vieux Ronquoz,46.222048700000002,7.361664000000000,1950,CH,r,Rhône,sion,rhone,True,Sion,6266,34708,0,102898
emme_utzenstorf_gruttert,Emme_Utzenstorf_Grüttert,47.123696000000002,7.539627000000000,3427,CH,r,Emme,utzenstorf,emme,False,Utzenstorf,552,4333,0,137996
zuerichsee_zurich_kullg,zuerichsee_zurich_kullg,47.353957299999998,8.550474299999999,8008,CH,l,Zurichsee,zurich,zurichsee,False,Zürich,261,415367,3,82111
oben-am-see,Oben am see,46.744451069999997,8.049921100000001,3855,CH,l,Brienzersee,brienze-be,brienzersee,True,Brienz (BE),573,3092,12,80832
limmat_zuerich_suterdglauserp,limmat_zuerich_suterd&glauserp,47.394539299999998,8.513443499999999,8005,CH,r,Limmat,zurich,limmat,True,Zürich,261,415367,0,58321
toss_kollbrunn_burgid,töss_kollbrunn_bürgid,47.454569800000002,8.779680000000001,8483,CH,r,Töss,zell,ti12ss,False,Zell (ZH),231,6032,0,145652
strandboden-biel,Strandboden-Biel,47.132510000000003,7.233142000000000,2503,CH,l,Bielersee,biel,bielersee,True,Biel/Bienne,371,55159,4,95597
le-port,Le Port,46.452244999999998,6.855180000000000,1814,CH,l,Lac Léman,la-tour-de-peilz,lac-leman,False,La Tour-de-Peilz,5889,11828,2,124400
katzenbach_zuerich_sanesim,katzenbach_zuerich_sanesim,47.428472800000002,8.513088000000000,8046,CH,l,Katzensee,zurich,katzensee,False,Zürich,261,415367,0,74097
vorderrhein_disentis_schmidn,vorderrhein_disentis_schmidn,46.698273899999997,8.857837300000000,7180,CH,r,Vorderrhein,disentis-muster,vorderrhein,False,Disentis/Mustér,3982,2080,0,99244
beich,Beich,47.048495000000003,7.200528000000000,3272,CH,r,Aare,walperswil,aare,True,Walperswil,754,1043,0,64289
kusnachter-dorfbach-tobelweg-1-4,Küsnachter Dorfbach Tobelweg 1-4,47.317770000000003,8.588258000000000,8700,CH,r,Dorfbach,kusnacht,dorfbach,True,Küsnacht (ZH),154,14397,3,67063
lavey-la-source,Lavey la source,46.200803999999998,7.021866000000000,1892,CH,r,Rhône,lavey-morcles,rhone,True,Lavey-Morcles,5406,946,0,96499
sitter_gaiserwald_buehlerf,sitter_gaiserwald_buehlerf,47.425160900000002,9.340103700000000,9000,CH,r,Sitter,st-gallen,sitter,False,St. Gallen,3203,75833,0,83881
mullermatte,Müllermatte,47.133338999999999,7.227907000000000,2505,CH,l,Bielersee,biel,bielersee,True,Biel/Bienne,371,55159,4,99633
pointe-dareuse,Pointe d'Areuse,46.946190000000001,6.870970000000000,2017,CH,l,Neuenburgersee,boudry,neuenburgersee,True,Boudry,6404,6154,7,109589
sitter_stgallen_steinbrunnerf,sitter_stgallen_steinbrunnerf,47.433291699999998,9.358074700000000,9000,CH,r,Sitter,st-gallen,sitter,False,St. Gallen,3203,75833,0,32333
vira-spiaggia-left-of-river,Vira spiaggia left of river,46.142899999999997,8.838407000000000,6573,CH,l,Lago Maggiore,gambarogno,lago-maggiore,True,Gambarogno,5398,5192,16,98892
jardin-botanique,Jardin Botanique,46.225908799999999,6.149357200000000,1202,CH,l,Lac Léman,geneve,lac-leman,False,Genève,6621,201818,0,42320
grendelbach_effretikon_dambonec,Grendelbach_Effretikon_DamboneC,47.425649100000001,8.690706199999999,8307,CH,r,Grändelbach,illnau-effretikon,grandelbach,False,Illnau-Effretikon,296,17068,0,98733
sempachersee_sempach_tampec,sempachersee_sempach_tampec,47.128618099999997,8.191873700000000,6204,CH,l,Sempachsee,sempach,sempachsee,False,Sempach,1102,4169,0,117922
