slug,location,latitude,longitude,post,country,water,water_name,city_slug,water_name_slug,is_2020,city,bfsnum,population,buildings,streets,intersects,pop_group_proj,pop_group_rip,streets_rank,buildings_rank
aabach,Aabach,47.220989,8.940365,8716,CH,l,Zurichsee,schmerikon,zurichsee,True,Schmerikon,3338,3710,4163.872,51512.887,12,1,4,0,0
aare-limmatspitz,Aare Limmatspitz,47.50106,8.237371,5300,CH,r,Aare,gebenstorf,aare,True,Gebenstorf,4029,5414,45453.102999999996,33002.378,0,2,5,0,0
aare-solothurn-lido-strand,Aare Solothurn Lido Strand,47.196949,7.521643,4500,CH,r,Aare,solothurn,aare,True,Solothurn,2601,16777,7833.625,63551.437999999995,0,3,6,0,1
aarezufluss_bern_scheurerk,aarezufluss_bern_scheurerk,46.9710097,7.4527897,3004,CH,r,Aare,bern,aare,False,Bern,351,133883,71500.244,23943.222999999998,0,3,6,3,3
aare_bern_caveltin,Aare_Bern_CaveltiN,46.9235788,7.4733191,3074,CH,r,Aare,muri-bei-bern,aare,False,Muri bei Bern,356,13054,15052.712,41280.748,0,3,6,0,1
aare_bern_gerberm,Aare_bern_gerberm,46.9893631,7.4520977,3004,CH,r,Aare,bern,aare,False,Bern,351,133883,63070.587,13885.698,0,3,6,3,3
aare_bern_scheurerk,aare_bern_scheurerk,46.9709672,7.4525857,3004,CH,r,Aare,bern,aare,True,Bern,351,133883,72315.525,25398.322,0,3,6,3,3
aare_brugg_buchie,Aare_Brugg_BuchiE,47.4948553,8.2365581,5200,CH,r,Aare,brugg,aare,False,Brugg,4095,11179,36478.667,27499.404,0,2,6,0,1
aare_elfenau_cataldiv,Aare_Elfenau_cataldiv,46.9310201,7.4629605,3006,CH,r,Aare,bern,aare,False,Bern,351,133883,48703.03,45257.318,0,3,6,3,3
aare_kehrsatz_stolten,aare_kehrsatz_stolten,46.9235719,7.4883011,3123,CH,r,Aare,belp,aare,False,Belp,861,11510,23801.519,61428.46599999999,0,2,6,0,1
aare_koniz_hoppej,aare_köniz_hoppej,46.9345885,7.4581703,3084,CH,r,Aare,koniz,aare,True,Köniz,355,41784,36869.221,30573.602000000003,0,3,6,3,3
aare_post,Aare_post,47.116665,7.271953,2562,CH,r,Aare|Nidau-Büren-Kanal,port,aarenidau-buren-kanal,True,Port,745,3695,33241.352,66934.621,0,1,4,0,0
aare_rupperswil_badert,aare_rupperswil_badert,47.410309,8.1125537,5102,CH,r,Aare,rupperswil,aare,False,Rupperswil,4206,5489,5280.138000000001,19790.462,0,2,5,0,0
aare_solothurn_nguyena,aare_solothurn_nguyena,47.1977495,7.5242247,4500,CH,r,Aare,solothurn,aare,False,Solothurn,2601,16777,25773.767000000003,66763.704,0,3,6,0,1
aare_suhrespitz_badert,aare_suhrespitz_badert,47.4056692,8.066018,5032,CH,r,Aare,aarau,aare,True,Aarau,4001,21506,24578.172000000002,47582.592000000004,0,3,6,0,1
anarchy-beach,Anarchy Beach,46.447216,6.859612,1814,CH,l,Lac Léman,la-tour-de-peilz,lac-leman,False,La Tour-de-Peilz,5889,11828,25381.441000000003,17394.106,3,2,6,0,1
arabie,Arabie,46.462099,6.834972,1800,CH,l,Lac Léman,vevey,lac-leman,False,Vevey,5890,19891,101110.04800000001,33332.574,5,3,6,0,1
arve_carouge_battistellak,arve_carouge_battistellak,46.1784912,6.1543187,1234,CH,r,Arve,veyrier,arve,False,Veyrier,6645,11612,36546.87,23672.449,0,2,6,0,1
ascona-traghetto-spiaggia,Ascona traghetto spiaggia,46.153882,8.76848,6612,CH,l,Lago Maggiore,ascona,lago-maggiore,True,Ascona,5091,5481,127181.76199999999,41200.269,2,2,5,0,0
augustmutzenbergstrandweg,AugustMützenbergStrandweg,46.68664,7.68976,3700,CH,l,Thunersee,spiez,thunersee,True,Spiez,768,12812,67619.079,55315.164000000004,0,3,6,0,1
baby-plage-geneva,Baby Plage Geneva,46.208558,6.162923,1208,CH,l,Lac Léman,geneve,lac-leman,True,Genève,6621,201818,61378.835999999996,52171.426,4,3,6,3,3
baby-plage-ii-geneve,Baby-Plage II Genève,46.20894,6.16433,1208,CH,l,Lac Léman,geneve,lac-leman,True,Genève,6621,201818,43344.426,77162.777,4,3,6,3,3
bagno-pubblico-ascona,Bagno Pubblico Ascona,46.147565,8.779144,6612,CH,l,Lago Maggiore,ascona,lago-maggiore,True,Ascona,5091,5481,36508.339,16839.043,1,2,5,0,0
bain-des-dames,Bain des Dames,46.4505068,6.8580918,1814,CH,l,Lac Léman,la-tour-de-peilz,lac-leman,True,La Tour-de-Peilz,5889,11828,78545.762,26338.873,2,2,6,0,1
baye-de-clarens,Baye de Clarens,46.439787,6.888903,1815,CH,l,Lac Léman,montreux,lac-leman,False,Montreux,5886,25984,81628.80099999999,45050.108,4,3,6,1,2
baye-de-montreux-d,Baye de Montreux D,46.430962,6.908673,1820,CH,l,Lac Léman,montreux,lac-leman,False,Montreux,5886,25984,100626.459,25546.342,3,3,6,1,2
baye-de-montreux-g,Baye de Montreux G,46.430834,6.908778,1820,CH,l,Lac Léman,montreux,lac-leman,True,Montreux,5886,25984,100060.326,20877.418999999998,3,3,6,1,2
beich,Beich,47.048495,7.200528,3272,CH,r,Aare,walperswil,aare,True,Walperswil,754,1043,0.0,57033.587999999996,0,0,1,0,0
berlingen-swisslitterreport,Berlingen swisslitterreport,47.6724312,9.0110553,8267,CH,l,Untersee,berlingen,untersee,False,Berlingen,4801,890,11779.333999999999,29727.228,0,0,1,0,0
bern-fahrstrasse,Bern Fahrstrasse,46.975866,7.44421,3004,CH,r,Aare,bern,aare,True,Bern,351,133883,59905.024000000005,29910.688,0,3,6,3,3
bern-tiergarten,Bern Tiergarten,46.9331574,7.4520041,3005,CH,r,Aare,bern,aare,True,Bern,351,133883,70579.587,30481.131,0,3,6,3,3
bielersee_vinelz_fankhausers,Bielersee_Vinelz_FankhauserS,47.0383984,7.1083114,3234,CH,l,Bielersee,vinelz,bielersee,True,Vinelz,502,867,25628.504,21873.95,6,0,1,0,0
birskopfli-rusco,Birsköpfli Rusco,47.5577429,7.6172916,4127,CH,r,Birs,birsfelden,birs,False,Birsfelden,2766,10303,93081.38900000001,21133.167999999998,0,2,6,0,1
birs_basel_grunern,Birs_Basel_GrunerN,47.5511276,7.6221988,4052,CH,r,Birs,basel,birs,False,Basel,2701,172258,156202.448,17813.883,0,3,6,3,3
birs_basel_laderachs,Birs_basel_lÃ¤derachs,47.5460497,7.6225981,4052,CH,r,Birs,basel,birs,False,Basel,2701,172258,132077.47699999998,39824.888999999996,0,3,6,3,3
bodensee_altenrhein_caluoria,bodensee_altenrhein_caluoria,47.4865069,9.5439664,9422,CH,l,Bodensee,thal,bodensee,False,Thal,3237,6571,87293.23599999999,18563.599,0,2,6,0,0
bodensee_arbon_moslis,Bodensee_Arbon_MosliS,47.5208887,9.431144,9320,CH,l,Bodensee,arbon,bodensee,False,Arbon,4401,14633,62149.437999999995,12833.336000000001,0,3,6,0,1
bodensee_horn_huberm,bodensee_horn_huberm,47.4982757,9.4569782,9326,CH,l,Bodensee,horn,bodensee,False,Horn,4421,2752,58022.10400000001,22274.959,0,0,3,0,0
bodensee_steinach_dolder_a,Bodensee_Steinach_Dolder_A,47.5062992,9.4361714,9323,CH,l,Bodensee,steinach,bodensee,False,Steinach,3217,3606,94315.62400000001,22966.502999999997,0,1,4,0,0
bodensee_thal_schlachterj_1,bodensee_thal_schlachterj_1,47.4862163,9.5439099,9422,CH,l,Bodensee,thal,bodensee,False,Thal,3237,6571,86472.901,18187.01,0,2,6,0,0
boiron,Boiron,46.4910297,6.4801618,1131,CH,l,Lac Léman,tolochenaz,lac-leman,False,Tolochenaz,5649,1933,1955.158,24216.877999999997,1,0,3,0,0
brugg-be-buren-bsg-standort,Brügg BE Büren BSG Standort,47.12222,7.28141,2555,CH,r,Aare|Nidau-Büren-Kanal,brugg,aarenidau-buren-kanal,True,Brügg,733,4390,89901.337,88079.037,0,1,5,0,0
camp-des-peches,Camp des pêches,47.052812,7.074053,2525,CH,l,Bielersee,le-landeron,bielersee,True,Le Landeron,6455,4645,28216.362999999998,23871.874,8,1,5,0,0
camping-gwatt-strand,Camping Gwatt Strand,46.72714,7.62962,3645,CH,l,Thunersee,thun,thunersee,True,Thun,942,43734,30961.619,33438.714,6,3,6,3,3
chriesbach_duebendorf_schneidera,chriesbach_duebendorf_schneidera,47.4029195,8.6051458,8600,CH,r,Chriesbach,dubendorf,chriesbach,False,Dübendorf,191,28678,154259.642,21042.359,0,3,6,1,2
cudrefin-alternate,Cudrefin alternate,46.96397,7.027448,1588,CH,l,Neuenburgersee,cudrefin,neuenburgersee,True,Cudrefin,5456,1633,15196.845,23655.162,6,0,2,0,0
cully-plage,Cully plage,46.4888866,6.7413961,1096,CH,l,Lac Léman,bourg-en-lavaux,lac-leman,True,Bourg-en-Lavaux,5613,5369,11338.686000000002,49324.754,8,2,5,0,0
delta-park,Delta park,46.720078,7.635304,3645,CH,l,Thunersee,spiez,thunersee,True,Spiez,768,12812,11504.899,17983.822,6,3,6,0,1
emme_biberist_jennim,emme_biberist_jennim,47.1692208,7.5589948,4562,CH,r,Emme,biberist,emme,False,Biberist,2513,8568,78611.894,47583.372,0,2,6,0,0
emme_luterbach_huggenbergerk,emme_luterbach_huggenbergerk,47.2119442,7.5740144,4528,CH,r,Emme,zuchwil,emme,False,Zuchwil,2534,8962,38848.63,28009.55,0,2,6,0,0
emme_utzenstorf_gruttert,Emme_Utzenstorf_Grüttert,47.123696,7.539627,3427,CH,r,Emme,utzenstorf,emme,False,Utzenstorf,552,4333,17901.397,37005.994,0,1,5,0,0
evole-plage,Evole plage,46.989477,6.92392,2000,CH,l,Neuenburgersee,neuchatel,neuenburgersee,True,Neuchâtel,6458,33489,123228.601,45742.236,1,3,6,2,2
flibach-river-right-bank,Flibach River Right bank,47.133742,9.105461,8872,CH,l,Walensee,weesen,walensee,True,Weesen,3316,1724,29190.167999999998,30841.838,8,0,2,0,0
gals-reserve,Gals reserve,47.0462719,7.0850075,3238,CH,l,Bielersee,gals,bielersee,True,Gals,494,827,2476.09,58791.919,8,0,1,0,0
gerra-gambarogno,gerra-gambarogno,46.123366,8.785786,6576,CH,l,Lago Maggiore,gambarogno,lago-maggiore,True,Gambarogno,5398,5192,32537.818,18750.957,17,1,5,0,0
glatt_oerlikon_covosn,glatt_oerlikon_covosN,47.4167691,8.566712,8152,CH,r,Glatt,opfikon,glatt,False,Opfikon,66,20361,97052.886,46497.672999999995,0,3,6,0,1
goldach_goldach_schlachterj,goldach_goldach_schlachterj,47.4739111,9.4593094,9403,CH,r,Goldach,goldach,goldach,False,Goldach,3213,9269,44759.084,20728.474,0,2,6,0,0
grand-clos,Grand Clos,46.387746,6.843686,1898,CH,l,Lac Léman,saint-gingolph,lac-leman,True,Saint-Gingolph,6155,982,15392.861,21038.607999999997,6,0,1,0,0
greifensee_fallanden_meistery,greifensee_fällanden_meistery,47.3609381,8.6537228,8117,CH,l,Greifensee,fallanden,greifensee,False,Fällanden,193,8672,353.01300000000003,45591.350999999995,0,2,6,0,0
greifensee_fallanden_simmenc,greifensee_fällanden_simmenc,47.3597141,8.6548433,8117,CH,l,Greifensee,fallanden,greifensee,False,Fällanden,193,8672,1607.5410000000002,45328.398,0,2,6,0,0
greifensee_greifensee_simmenc,greifensee_greifensee_simmenc,47.3635723,8.6756991,8606,CH,l,Greifensee,greifensee,greifensee,False,Greifensee,194,5358,30562.537,58358.187999999995,0,1,5,0,0
greifensee_maur_simmenc,greifensee_maur_simmenc,47.3323864,8.6855146,8124,CH,l,Greifensee,maur,greifensee,False,Maur,195,10215,3046.4190000000003,17686.061999999998,0,2,6,0,1
greifensee_uster_fischerb_-2,greifensee_uster_fischerb_ 2,47.347436,8.6898805,8610,CH,l,Greifensee,uster,greifensee,False,Uster,198,34722,16603.037,29751.504,0,3,6,2,3
greifensee_uster_fischerb_1,greifensee_uster_fischerb_1,47.3501274,8.6897972,8610,CH,l,Greifensee,uster,greifensee,False,Uster,198,34722,13077.175,25456.297000000002,0,3,6,2,3
grendelbach_effretikon_dambonec,Grendelbach_Effretikon_DamboneC,47.4256491,8.6907062,8307,CH,r,Grändelbach,illnau-effretikon,grandelbach,False,Illnau-Effretikon,296,17068,115844.946,24061.947999999997,0,3,6,0,1
gasi-strand,Gäsi Strand,47.128442,9.110831,8872,CH,l,Walensee,weesen,walensee,True,Weesen,3316,1724,556.289,35731.992999999995,8,0,2,0,0
hauterive-petite-plage,Hauterive Petite plage,47.010797,6.980304,2068,CH,l,Neuenburgersee,hauterive-ne,neuenburgersee,True,Hauterive (NE),6454,2623,51705.935999999994,20861.139,1,0,3,0,0
hafeli,Häfeli,46.6902834,7.8985922,3806,CH,l,Brienzersee,bonigen,brienzersee,True,Bönigen,572,2536,47233.629,26580.767000000003,5,0,3,0,0
impromptu_cudrefin,Impromptu_Cudrefin,46.964496,7.027936,1588,CH,l,Neuenburgersee,cudrefin,neuenburgersee,True,Cudrefin,5456,1633,12677.853000000001,71762.312,6,0,2,0,0
inn_pradella_kohlt,Inn_Pradella_KohlT,46.800876,10.319994,7550,CH,r,Inn,scuol,inn,False,Scuol,3762,4591,4285.499,43951.122,0,1,5,0,0
jardin-botanique,Jardin Botanique,46.2259088,6.1493572,1202,CH,l,Lac Léman,geneve,lac-leman,False,Genève,6621,201818,46033.003,94579.92,0,3,6,3,3
jona-river-rastplatz,Jona river Rastplatz,47.2161,8.84443,8654,CH,r,Jona,jona-city,jona,True,Rapperswil-Jona,3340,26999,5978.839,38774.51,4,3,6,1,2
jona_tann_nusslin,jona_tann_nusslin,47.2684272,8.8641251,8635,CH,r,Jona,durnten,jona,False,Dürnten,113,7637,30000.382,17286.129,0,2,6,0,0
katzenbach_zuerich_sanesim,katzenbach_zuerich_sanesim,47.4284728,8.513088,8046,CH,l,Katzensee,zurich,katzensee,False,Zürich,261,415367,36257.407,27673.32,0,3,6,3,3
katzensee_regensdorfzuerichaffoltern_stueberj,katzensee_regensdorfzuerichaffoltern_stueberj,47.4311281,8.4929243,8046,CH,l,Katzensee,zurich,katzensee,False,Zürich,261,415367,3581.5690000000004,59486.666,0,3,6,3,3
kusnachter-dorfbach-tobelweg-1-4,Küsnachter Dorfbach Tobelweg 1-4,47.31777,8.588258,8700,CH,r,Dorfbach,kusnacht,dorfbach,True,Küsnacht (ZH),154,14397,114929.558,56200.84,3,3,6,0,1
la-morges,La Morges,46.504063,6.494099,1110,CH,l,Lac Léman,morges,lac-leman,False,Morges,5642,15708,32980.528,63782.065,1,3,6,0,1
la-pecherie,La Pêcherie,46.4639187,6.3857321,1165,CH,l,Lac Léman,allaman,lac-leman,True,Allaman,5851,442,4277.769,37782.672,3,0,0,0,0
la-petite-plage,La Petite plage,46.785054,6.656877,1400,CH,l,Neuenburgersee,yverdon-les-bains,neuenburgersee,True,Yverdon-les-Bains,5938,30157,2162.9610000000002,47676.009000000005,7,3,6,1,2
la-thiele_le-mujon_confluence,La Thièle_Le Mujon_confluence,46.77534,6.6309,1400,CH,r,La Thièle,yverdon-les-bains,la-thiele,True,Yverdon-les-Bains,5938,30157,94893.431,66806.303,0,3,6,1,2
lac-leman-hammerdirt,Lac Léman Hammerdirt,46.4503892,6.8582342,1814,CH,l,Lac Léman,la-tour-de-peilz,lac-leman,False,La Tour-de-Peilz,5889,11828,77264.163,42554.932,2,2,6,0,1
lacleman_gland_kubela,lacléman_gland_kubela,46.4028693,6.2819358,1196,CH,l,Lac Léman,gland,lac-leman,False,Gland,5721,13109,2041.404,10442.534,0,3,6,0,1
lacleman_gland_lecoanets,Lacléman_Gland_LecoanetS,46.4028106,6.2819586,1196,CH,l,Lac Léman,gland,lac-leman,True,Gland,5721,13109,1883.183,18451.078,0,3,6,0,1
lacleman_vidy_santie,lacléman_vidy_santie,46.5183178,6.5896078,1007,CH,l,Lac Léman,lausanne,lac-leman,False,Lausanne,5586,139111,17644.493000000002,58030.666,2,3,6,3,3
langete_langenthal_geiserm,langete_langenthal_geiserm,47.2165332,7.7923041,4900,CH,r,Langeten,langenthal,langeten,False,Langenthal,329,15624,126097.868,49805.302,0,3,6,0,1
lavey-la-source,Lavey la source,46.200804,7.021866,1892,CH,r,Rhône,lavey-morcles,rhone,True,Lavey-Morcles,5406,946,8332.632,44692.030999999995,0,0,1,0,0
lavey-les-bains,Lavey les bains,46.2051587,7.012722,1892,CH,r,Rhône,lavey-les-bains,rhone,True,Lavey-Morcles,5406,946,47603.552,24769.542999999998,0,0,1,0,0
le-pierrier,Le Pierrier,46.439727,6.888968,1815,CH,l,Lac Léman,montreux,lac-leman,True,Montreux,5886,25984,81563.88799999999,18181.014,4,3,6,1,2
le-port,Le Port,46.452245,6.85518,1814,CH,l,Lac Léman,la-tour-de-peilz,lac-leman,False,La Tour-de-Peilz,5889,11828,74033.668,47807.948,2,2,6,0,1
les-glariers,Les Glariers,46.176736,7.228925,6139,CH,r,Rhône,riddes,rhone,True,Riddes,6139,3133,34639.734,22497.962000000003,0,1,4,0,0
les-vieux-ronquoz,Les Vieux Ronquoz,46.2220487,7.361664,1950,CH,r,Rhône,sion,rhone,True,Sion,6266,34708,106394.403,20147.82,0,3,6,2,3
ligerz-strand,Ligerz strand,47.083979,7.135894,2514,CH,l,Bielersee,ligerz,bielersee,True,Ligerz,740,544,13981.163,31113.408,4,0,0,0,0
limmat_dietikon_keiserp,limmat_dietikon_keiserp,47.4079891,8.4095398,8953,CH,r,Limmat,dietikon,limmat,False,Dietikon,243,27265,101611.89,39469.002,0,3,6,1,2
limmat_unterengstringen_oggierbuhrer,Limmat_Unterengstringen_OggierBührer,47.4094003,8.4469334,8103,CH,r,Limmat,unterengstringen,limmat,False,Unterengstringen,249,3881,69384.938,50339.787000000004,0,1,4,0,0
limmat_zuerich_jansena,Limmat_Zuerich_JansenA,47.4000247,8.4846847,8064,CH,r,Limmat,zurich,limmat,True,Zürich,261,415367,92498.036,71680.193,0,3,6,3,3
limmat_zuerich_suterdglauserp,limmat_zuerich_suterd&glauserp,47.3945393,8.5134435,8005,CH,r,Limmat,zurich,limmat,True,Zürich,261,415367,199157.26,56563.682,0,3,6,3,3
limmat_zuerich_wagnerc,Limmat_Zuerich_WagnerC,47.4034956,8.4777701,8064,CH,r,Limmat,zurich,limmat,False,Zürich,261,415367,79868.012,33838.184,0,3,6,3,3
limmat_zurich_mortensena_meiera,limmat_zürich_mortensena_meiera,47.4002515,8.485411,8064,CH,r,Limmat,zurich,limmat,True,Zürich,261,415367,102506.089,74734.557,0,3,6,3,3
linthdammweg,Linthdammweg,47.13179,9.09191,8872,CH,r,Linthkanal,weesen,linthkanal,True,Weesen,3316,1724,57309.630999999994,22881.807,6,0,2,0,0
linth_mollis,Linth_Mollis,47.13137,9.094768,8872,CH,r,Linthkanal,glarus-nord,linthkanal,True,Glarus Nord,1630,18483,45498.102,31447.345,7,3,6,0,1
linth_route9brucke,Linth_Route9brücke,47.12573,9.11734,8757,CH,r,Escherkanal,glarus-nord,escherkanal,True,Glarus Nord,1630,18483,3327.946,20127.078,6,3,6,0,1
lorze_baar_blarere,Lorze_Baar_BlarerE,47.1954019,8.540237,6340,CH,r,Lorze,baar,lorze,False,Baar,1701,24468,90504.962,25884.545,0,3,6,1,2
luscherz-plage,Lüscherz plage,47.0479551,7.151242,2576,CH,l,Bielersee,luscherz,bielersee,True,Lüscherz,497,560,41687.898,45777.712,6,0,0,0,0
luscherz-two,Lüscherz two,47.047519,7.1528292,2573,CH,l,Bielersee,luscherz,bielersee,True,Lüscherz,497,560,43340.962,25682.266,6,0,0,0,0
lotschebach_bern_scheurerk,lötschebach_bern_scheurerk,46.964946,7.4928359,3072,CH,r,Lötschebach,ostermundigen,lotschebach,False,Ostermundigen,363,17751,29829.009,22491.81,0,3,6,0,1
maladaire,Maladaire,46.446296,6.87696,1814,CH,l,Lac Léman,la-tour-de-peilz,lac-leman,True,La Tour-de-Peilz,5889,11828,51222.035,62275.846,3,2,6,0,1
mammern-swisslitterreport,Mammern swisslitterreport,47.6558366,8.9553168,8266,CH,l,Untersee,steckborn,untersee,False,Steckborn,4864,3753,8928.561,39497.465,0,1,4,0,0
mols-rocks,mols rocks,47.1143432,9.2881737,8885,CH,l,Walensee,quarten,walensee,True,Quarten,3295,2937,13991.526000000002,66629.954,7,1,4,0,0
murg-bad,Murg Bad,47.115307,9.215691,8877,CH,l,Walensee,quarten,walensee,True,Quarten,3295,2937,33449.797999999995,24219.443,6,1,4,0,0
murg_waengi_strickerr,Murg_Waengi_StrickerR,47.49361,8.9615928,9545,CH,r,Murg,wangi,murg,False,Wängi,4781,4720,17780.862,21647.542,0,1,5,0,0
muhlehorn-dorf,Mühlehorn dorf,47.118448,9.172124,8874,CH,l,Walensee,glarus-nord,walensee,True,Glarus Nord,1630,18483,18496.731,32852.878,7,3,6,0,1
mullermatte,Müllermatte,47.133339,7.227907,2505,CH,l,Bielersee,biel,bielersee,True,Biel/Bienne,371,55159,11524.978000000001,37343.704,4,3,6,3,3
neuenburgersee_cudrefin_mattera,Neuenburgersee_Cudrefin_MatterA,46.9627089,7.0259681,1588,CH,l,Neuenburgersee,cudrefin,neuenburgersee,False,Cudrefin,5456,1633,23078.862999999998,51660.09099999999,6,0,2,0,0
nidau-strand,Nidau strand,47.127196,7.232613,2560,CH,l,Bielersee,nidau,bielersee,True,Nidau,743,6823,43682.935999999994,55972.094000000005,4,2,6,0,0
nouvelle-plage,Nouvelle plage,46.8566464,6.848428,1470,CH,l,Neuenburgersee,estavayer,neuenburgersee,True,Estavayer,2054,9716,6469.07,82091.145,4,2,6,0,0
oben-am-see,Oben am see,46.74445107,8.0499211,3855,CH,l,Brienzersee,brienze-be,brienzersee,True,Brienz (BE),573,3092,15405.033000000001,39358.766,12,1,4,0,0
ognonnaz-1,Ognonnaz 1,46.4599413,6.8591341,1800,CH,r,Ognonnaz,vevey,ognonnaz,False,Vevey,5890,19891,103290.832,14935.321000000002,1,3,6,0,1
oyonne,Oyonne,46.456682,6.852262,1814,CH,l,Lac Léman,la-tour-de-peilz,lac-leman,True,La Tour-de-Peilz,5889,11828,112982.40699999999,47799.45,2,2,6,0,1
pacha-mama-gerra,pacha mama-gerra,46.123473,8.783508,6576,CH,l,Lago Maggiore,gambarogno,lago-maggiore,True,Gambarogno,5398,5192,25608.726000000002,26040.322999999997,18,1,5,0,0
parc-des-pierrettes,Parc des Pierrettes,46.515215,6.575531,1025,CH,l,Lac Léman,saint-sulpice,lac-leman,True,Saint-Sulpice (VD),5648,4668,33535.925,32807.0,1,1,5,0,0
pecos-plage,Pécos Plage,46.80359,6.63665,1422,CH,l,Neuenburgersee,grandson,neuenburgersee,True,Grandson,5561,3357,10718.902,61952.223,6,1,4,0,0
pfaffner_rothrist_ischik,Pfaffner_Rothrist_Ischik,47.2985678,7.8994664,4852,CH,r,Pfaffnern,rothrist,pfaffnern,False,Rothrist,4282,9127,39614.204,33720.434,0,2,6,0,0
pierrier-sud,Pierrier sud,46.4395601,6.8910001,1815,CH,l,Lac Léman,montreux,lac-leman,False,Montreux,5886,25984,90676.894,54872.16,4,3,6,1,2
plage-de-cheyres,Plage de Cheyres,46.818689,6.782256,1468,CH,l,Neuenburgersee,cheyres,neuenburgersee,True,Cheyres-Châbles,2055,2320,28502.998,33140.731,6,0,3,0,0
plage-de-dorigny,Plage de Dorigny,46.518169,6.583319,1025,CH,l,Lac Léman,saint-sulpice,lac-leman,False,Saint-Sulpice (VD),5648,4668,22809.841,36233.057,1,1,5,0,0
plage-de-st-sulpice,Plage de St Sulpice,46.513265,6.570977,1025,CH,l,Lac Léman,saint-sulpice,lac-leman,True,Saint-Sulpice (VD),5648,4668,33692.049,32506.129,1,1,5,0,0
pointe-dareuse,Pointe d'Areuse,46.94619,6.87097,2017,CH,l,Neuenburgersee,boudry,neuenburgersee,True,Boudry,6404,6154,2977.322,29522.629,7,2,5,0,0
preverenges,Préverenges,46.51269,6.527657,1028,CH,l,Lac Léman,preverenges,lac-leman,True,Préverenges,5643,5287,44305.598,37975.217000000004,2,1,5,0,0
preverenges-le-sout,preverenges-le sout,46.5089049,6.5345263,1028,CH,l,Lac Léman,preverenges,lac-leman,True,Préverenges,5643,5287,15909.191,63292.748,1,1,5,0,0
quai-maria-belgia,Quai Maria Belgia,46.460156,6.836718,1800,CH,l,Lac Léman,vevey,lac-leman,True,Vevey,5890,19891,89407.18800000001,28275.831000000002,4,3,6,0,1
rastplatz-stampf,Rastplatz Stampf,47.215177,8.844286,8645,CH,l,Zurichsee,jona-city,zurichsee,True,Rapperswil-Jona,3340,26999,4381.695,16478.457,5,3,6,1,2
reuss,Reuss,47.3298691,8.3568493,5626,CH,r,Reuss,bremgarten,reuss,False,Bremgarten (AG),4063,7946,3414.7909999999997,24107.668999999998,0,2,6,0,0
reuss_hunenberg_eberhardy,reuss_hünenberg_eberhardy,47.2329755,8.4010121,6331,CH,r,Reuss,hunenberg,reuss,True,Hünenberg,1703,8808,1913.223,32229.921000000002,0,2,6,0,0
reuss_ottenbach_schoenenbergerl,reuss_ottenbach_schoenenbergerl,47.2783545,8.3942242,5634,CH,r,Reuss,merenschwand,reuss,True,Merenschwand,4234,3549,7070.938,19573.421000000002,0,1,4,0,0
reuss_stkarli_linigersimhofy,Reuss_St.Karli_LinigerS/ImhofY,47.0571118,8.2879145,6004,CH,r,Reuss,luzern,reuss,False,Luzern,1061,81691,95540.82,29377.315,0,3,6,3,3
rhein-beach-tinguely,Rhein Beach Tinguely,47.5586439,7.6121536,4058,CH,r,Rhein,basel,rhein,False,Basel,2701,172258,137219.454,19371.29,0,3,6,3,3
rhein_basel,Rhein_Basel,47.5568018,7.6010856,4058,CH,r,Rhein,basel,rhein,False,Basel,2701,172258,161212.408,44054.333,0,3,6,3,3
rhein_basel_hungerbuehlern,Rhein_Basel_HungerbuehlerN,47.5582176,7.6103488,4058,CH,r,Rhein,basel,rhein,False,Basel,2701,172258,154255.267,43527.872,0,3,6,3,3
rhein_domatems_foppa_f,rhein_domatems_foppa_f,46.8380375,9.4476387,7013,CH,r,Rhein,domat-ems,rhein,False,Domat/Ems,3722,8038,65597.354,31685.201,0,2,6,0,0
rhein_eglisau_gomringerp,rhein_eglisau_gomringerp,47.5733159,8.5345847,8193,CH,r,Rhein,eglisau,rhein,False,Eglisau,55,5217,26660.842999999997,39594.318,0,1,5,0,0
rhein_hemishofen_stolll,Rhein_Hemishofen_StollL,47.6755236,8.8280292,8261,CH,r,Rhein,hemishofen,rhein,False,Hemishofen,2962,468,31036.586,45001.143,0,0,0,0,0
rivapiana,Rivapiana,46.172079,8.813255,6648,CH,l,Lago Maggiore,minusio,lago-maggiore,True,Minusio,5118,7302,82195.174,54623.433,7,2,6,0,0
rocky-plage,Rocky plage,46.20973675,6.16495237,1208,CH,l,Lac Léman,geneve,lac-leman,True,Genève,6621,201818,23154.783,15106.493,4,3,6,3,3
rolle-plage,Rolle-plage,46.4613,6.349739,1180,CH,l,Lac Léman,rolle,lac-leman,False,Rolle,5861,6259,46578.425,51565.981,5,2,6,0,0
route-13,Route 13,46.162521,8.7825791,6600,CH,r,Maggia,locarno,maggia,True,Locarno,5113,15826,63737.472,30812.892000000003,1,3,6,0,1
ruisseau-de-la-croix-plage,Ruisseau de la croix plage,46.81392,6.7747,1468,CH,l,Neuenburgersee,cheyres,neuenburgersee,True,Cheyres-Châbles,2055,2320,8036.206999999999,76493.799,7,0,3,0,0
saint-sulpice,Saint Sulpice,46.507808,6.545344,1025,CH,l,Lac Léman,saint-sulpice,lac-leman,False,Saint-Sulpice (VD),5648,4668,12112.926000000001,19811.453999999998,1,1,5,0,0
san-nazzaro-gambarogno,san nazzaro-gambarogno,46.130443,8.798657,6575,CH,l,Lago Maggiore,gambarogno,lago-maggiore,True,Gambarogno,5398,5192,26207.072,82847.267,13,1,5,0,0
schiffenensee_duedingen_hirschij,schiffenensee_duedingen_hirschij,46.8591514,7.1764374,3186,CH,l,Schiffenensee,dudingen,schiffenensee,False,Düdingen,2293,7964,5083.758,25575.398999999998,0,2,6,0,0
schmerikon-bahnhof-strand,Schmerikon Bahnhof Strand,47.22478,8.94418,Postal-code,CH,l,Zurichsee,schmerikon,zurichsee,True,Schmerikon,3338,3710,74296.86,31856.425,10,1,4,0,0
schusspark-strand,Schüsspark strand,47.1465,7.26862,2504,CH,r,Schüss,biel,schuss,True,Biel/Bienne,371,55159,155775.72400000002,46450.950999999994,0,3,6,3,3
seeflechsen,seeflechsen,47.1302229,9.1033996,8872,CH,l,Walensee,glarus-nord,walensee,True,Glarus Nord,1630,18483,1061.236,46561.765,8,3,6,0,1
seemuhlestrasse-strand,Seemühlestrasse Strand,47.12864,9.2951,8880,CH,l,Walensee,walenstadt,walensee,True,Walenstadt,3298,5679,122.24,74734.557,8,2,5,0,0
seez,Seez,47.11983,9.300251,8880,CH,r,Seez,walenstadt,seez,True,Walenstadt,3298,5679,30124.519,40268.512,8,2,5,0,0
seez_spennwiesenbrucke,Seez_Spennwiesenbrücke,47.114948,9.310123,8880,CH,r,Seez,walenstadt,seez,True,Walenstadt,3298,5679,10056.979,74623.878,4,2,5,0,0
sempachersee_sempach_tampec,sempachersee_sempach_tampec,47.1286181,8.1918737,6204,CH,l,Sempachsee,sempach,sempachsee,False,Sempach,1102,4169,68237.105,43200.482,0,1,5,0,0
sense_torishaus_g-cubes,Sense_Törishaus_g cubes,46.8831206,7.3531889,3174,CH,r,Sense,koniz,sense,False,Köniz,355,41784,12497.815,37173.102,0,3,6,3,3
sentiero-giro-del-golf-spiaggia,Sentiero Giro del Golf spiaggia,46.14577,8.79043,6612,CH,l,Lago Maggiore,ascona,lago-maggiore,True,Ascona,5091,5481,7746.465,31014.897999999997,1,2,5,0,0
signalpain,Signalpain,46.7862,6.64736,1400,CH,l,Neuenburgersee,yverdon-les-bains,neuenburgersee,True,Yverdon-les-Bains,5938,30157,40509.053,35397.814,8,3,6,1,2
sihlsee_einsiedeln_schilligerllacherl,sihlsee_einsiedeln_schilligerllacherl,47.1413938,8.7603588,8840,CH,l,Sihlsee,einsiedeln,sihlsee,False,Einsiedeln,1301,15870,9709.226,50458.47900000001,0,3,6,0,1
sihl_adliswil_oggi_fort,Sihl_Adliswil_Oggi_Fort,47.3124217,8.5262549,8134,CH,r,Sihl,adliswil,sihl,False,Adliswil,131,18769,144594.232,38414.677,0,3,6,0,1
sihl_leimbach_kruegerm,sihl_leimbach_kruegerm,47.3254361,8.5191195,8041,CH,r,Sihl,zurich,sihl,False,Zürich,261,415367,59626.609000000004,41022.654,0,3,6,3,3
sihl_menzingen_kucharska_magdalena,Sihl_Menzingen_Kucharska_Magdalena,47.1915012,8.6184214,6313,CH,r,Sihl,menzingen,sihl,False,Menzingen,1704,4539,3312.026,25191.464,0,1,5,0,0
sihl_zuerich_eggerskoehlingera,sihl_zuerich_eggerskoehlingera,47.3818981,8.5383279,8005,CH,r,Sihl,zurich,sihl,False,Zürich,261,415367,224476.69600000003,82713.282,0,3,6,3,3
sihl_zuerich_eichenbergerd,Sihl_zuerich_eichenbergerD,47.3395883,8.5166965,8041,CH,r,Sihl,zurich,sihl,True,Zürich,261,415367,64533.325999999994,55968.615,0,3,6,3,3
sihl_zuerich_scherfs,Sihl_Zuerich_ScherfS,47.3731495,8.5323698,8001,CH,r,Sihl,zurich,sihl,False,Zürich,261,415367,286529.498,38969.415,4,3,6,3,3
sihl_zurich_himmelhebern,sihl_zurich_himmelhebern,47.3430554,8.5186122,8041,CH,r,Sihl,zurich,sihl,False,Zürich,261,415367,48060.097,43637.257000000005,0,3,6,3,3
sitter_gaiserwald_buehlerf,sitter_gaiserwald_buehlerf,47.4251609,9.3401037,9000,CH,r,Sitter,st-gallen,sitter,False,St. Gallen,3203,75833,34002.982,64051.129,0,3,6,3,3
sitter_stgallen_jennya,Sitter_St.Gallen_JennyA,47.4102424,9.320376,9014,CH,r,Sitter,st-gallen,sitter,False,St. Gallen,3203,75833,34685.373,34835.709,0,3,6,3,3
sitter_stgallen_steinbrunnerf,sitter_stgallen_steinbrunnerf,47.4332917,9.3580747,9000,CH,r,Sitter,st-gallen,sitter,False,St. Gallen,3203,75833,6401.859,18587.994,0,3,6,3,3
sorne_birse_wwfjura,sorne_birse_WWFJura,47.3709868,7.3609099,2800,CH,r,Birs,delemont,birs,False,Delémont,6711,12682,54396.804000000004,48412.45,0,2,6,0,1
spackmatt,Späckmatt,47.223749,7.576711,4542,CH,r,Aare,luterbach,aare,True,Luterbach,2527,3480,91639.905,73847.09599999999,0,1,4,0,0
strandbeiz,Strandbeiz,47.2158617,8.8430984,8645,CH,l,Zurichsee,jona-city,zurichsee,True,Rapperswil-Jona,3340,26999,6301.646,45483.317,4,3,6,1,2
strandboden-biel,Strandboden-Biel,47.13251,7.233142,2503,CH,l,Bielersee,biel,bielersee,True,Biel/Bienne,371,55159,48855.512,46845.142,4,3,6,3,3
sundbach-strand,Sundbach strand,46.684386,7.794768,3803,CH,l,Thunersee,beatenberg,thunersee,True,Beatenberg,571,1195,5773.863,32094.217,6,0,2,0,0
thun-strandbad,Thun Strandbad,46.739939,7.63352,3504,CH,l,Thunersee,thun,thunersee,True,Thun,942,43734,28977.336,26871.189,5,3,6,3,3
thunersee_spiez_meierd_1,thunersee_spiez_meierd_1,46.7044368,7.6578824,3646,CH,l,Thunersee,spiez,thunersee,True,Spiez,768,12812,9602.495,28456.237,3,3,6,0,1
thur_schoenenberg_schaera,Thur_Schoenenberg_SchaerA,47.5240726,9.1983347,9214,CH,r,Thur,kradolf-schonenberg,thur,False,Kradolf-Schönenberg,4501,3592,105716.369,70533.134,0,1,4,0,0
thur_schwarzenbach_meiliw,thur_schwarzenbach_meiliw,47.4467866,9.0638156,9500,CH,r,Thur,wil,thur,False,Wil (SG),3427,23966,66789.938,31772.629,0,3,6,0,2
tiger-duck-beach,Tiger duck beach,46.518256,6.582546,1025,CH,l,Lac Léman,saint-sulpice,lac-leman,True,Saint-Sulpice (VD),5648,4668,25919.499,35568.897000000004,1,1,5,0,0
tolochenaz,Tolochenaz,46.4975095,6.4828747,1131,CH,l,Lac Léman,tolochenaz,lac-leman,True,Tolochenaz,5649,1933,53951.599,26062.532000000003,2,0,3,0,0
tschilljus,Tschilljus,46.304399,7.580262,3970,CH,r,Rhône,salgesch,rhone,True,Salgesch,6113,1548,4685.255,30348.994,0,0,2,0,0
toss_bauma_kurthe,Töss_Bauma_KurthE,47.3701757,8.8678249,8494,CH,r,Töss,bauma,ti12ss,False,Bauma,297,4965,51701.633,38055.804,0,1,5,0,0
toss_kollbrunn_burgid,töss_kollbrunn_bürgid,47.4545698,8.77968,8483,CH,r,Töss,zell,ti12ss,False,Zell (ZH),231,6032,41218.419,16984.718999999997,0,2,5,0,0
toss_winterthur-2,Töss_Winterthur 2,47.4787073,8.7084264,8406,CH,r,Töss,winterthur,ti12ss,False,Winterthur,230,111851,16363.595,34270.332,0,3,6,3,3
unterdsee_ermatingen_brunkem,unterdsee_ermatingen_brunkem,47.6726333,9.0812462,8272,CH,l,Untersee,ermatingen,untersee,False,Ermatingen,4646,3455,84404.763,25429.795,0,1,4,0,0
untertenzen,Untertenzen,47.11526,9.25478,8882,CH,l,Walensee,quarten,walensee,True,Quarten,3295,2937,33788.854,42946.530999999995,5,1,4,0,0
urnaesch_urnaesch_meierr,urnaesch_urnaesch_meierr,47.3250986,9.2954188,9107,CH,r,Urnäsch,hundwil,urnasch,False,Hundwil,3002,941,13966.481000000002,74121.642,0,0,1,0,0
versoix,Versoix,46.289194,6.1705693,1290,CH,l,Lac Léman,versoix,lac-leman,True,Versoix,6644,13432,33440.663,34776.325,5,3,6,0,1
veveyse,Veveyse,46.461022,6.834983,1800,CH,l,Lac Léman,vevey,lac-leman,False,Vevey,5890,19891,78306.30099999999,36560.998999999996,5,3,6,0,1
vidy,Vidy,46.5147155,6.5985884,1007,CH,l,Lac Léman,lausanne,lac-leman,False,Lausanne,5586,139111,22277.876,22376.083,2,3,6,3,3
vidy-ruines,Vidy ruines,46.516221,6.596279,1007,CH,l,Lac Léman,lausanne,lac-leman,True,Lausanne,5586,139111,33907.382000000005,17529.375,2,3,6,3,3
vierwaldstattersee_weggis_schoberls_1,vierwaldstättersee_weggis_schöberls_1,47.0445321,8.4185689,6353,CH,l,Quatre Cantons,weggis,quatre-cantons,False,Weggis,1069,4369,7610.191999999999,34311.346,0,1,5,0,0
vierwaldstattersee_weggis_schoberls_2,vierwaldstättersee_weggis_schöberls_2,47.043953,8.4173076,6353,CH,l,Quatre Cantons,weggis,quatre-cantons,False,Weggis,1069,4369,6949.984,87018.398,0,1,5,0,0
vierwaldstattersee_weggis_schoberls_3,vierwaldstättersee_weggis_schöberls_3,47.0299566,8.410801,6353,CH,l,Quatre Cantons,weggis,quatre-cantons,False,Weggis,1069,4369,23961.974,43640.59,0,1,5,0,0
villa-barton,Villa Barton,46.22235,6.1525,1202,CH,l,Lac Léman,geneve,lac-leman,True,Genève,6621,201818,65075.045,34002.876000000004,0,3,6,3,3
vira-gambarogno,Vira Gambarogno,46.143343,8.838759,6574,CH,l,Lago Maggiore,gambarogno,lago-maggiore,True,Gambarogno,5398,5192,33466.982,28831.46,17,1,5,0,0
vira-spiaggia-left-of-river,Vira spiaggia left of river,46.1429,8.838407,6573,CH,l,Lago Maggiore,gambarogno,lago-maggiore,True,Gambarogno,5398,5192,35101.65,30816.659,16,1,5,0,0
vorderrhein_disentis_schmidn,vorderrhein_disentis_schmidn,46.6982739,8.8578373,7180,CH,r,Vorderrhein,disentis-muster,vorderrhein,False,Disentis/Mustér,3982,2080,2056.3360000000002,49488.884000000005,0,0,3,0,0
walensee_walenstadt_wysse,Walensee_Walenstadt_WyssE,47.1218282,9.2995517,8880,CH,l,Walensee,walenstadt,walensee,True,Walenstadt,3298,5679,19661.243000000002,82775.37400000001,9,2,5,0,0
weissenau-neuhaus,Weissenau-Neuhaus,46.676583,7.817528,3800,CH,l,Thunersee,unterseen,thunersee,True,Unterseen,593,5751,7772.041,54518.45,11,2,5,0,0
wycheley,Wycheley,46.74037,8.04864,3855,CH,l,Brienzersee,brienze-be,brienzersee,True,Brienz (BE),573,3092,5120.630999999999,27275.035,11,1,4,0,0
zuerichsee_maennedorf_vanderkaadene,zuerichsee_maennedorf_vanderkaadene,47.254754,8.6875038,8708,CH,l,Zurichsee,mannedorf,zurichsee,False,Männedorf,155,11243,79005.116,24838.377,6,2,6,0,1
zuerichsee_richterswil_benkoem_2,zuerichsee_richterswil_benkoem_2,47.2176458,8.6987133,8805,CH,l,Zurichsee,richterswil,zurichsee,True,Richterswil,138,13513,11977.442,32645.577,3,3,6,0,1
zuerichsee_staefa_hennm,zuerichsee_staefa_hennm,47.2346431,8.7698814,8713,CH,l,Zurichsee,stafa,zurichsee,True,Stäfa,158,14497,9791.007,63223.66,4,3,6,0,1
zuerichsee_waedenswil_colomboc_1,zuerichsee_waedenswil_colomboc_1,47.2195468,8.6919611,8805,CH,l,Zurichsee,richterswil,zurichsee,True,Richterswil,138,13513,21562.022,23412.107999999997,3,3,6,0,1
zuerichsee_zurich_kullg,zuerichsee_zurich_kullg,47.3539573,8.5504743,8008,CH,l,Zurichsee,zurich,zurichsee,False,Zürich,261,415367,59694.916,40029.187999999995,3,3,6,3,3
zugerseecholler_cham_blarerm,ZugerseeCholler_Cham_BlarerM,47.1782157,8.4800128,6300,CH,l,Zugersee,zug,zugersee,True,Zug,1711,30542,12719.253999999999,52701.450999999994,0,3,6,1,2
zugersee_immensee_guedesd,zugersee_Immensee_Guedesd,47.1066869,8.4788812,6344,CH,l,Zugersee,meierskappel,zugersee,False,Meierskappel,1064,1460,1808.45,41262.492999999995,0,0,2,0,0
zulg_steffisburg_schmassmanne,zulg_steffisburg_schmassmanne,46.7742431,7.6245372,3612,CH,r,Zulg,steffisburg,zulg,False,Steffisburg,939,15709,81626.587,29908.578999999998,0,3,6,0,1
zurcher-strand,Zürcher Strand,47.3642,8.53742,8002,CH,l,Zurichsee,zurich,zurichsee,True,Zürich,261,415367,161150.408,15690.375,5,3,6,3,3
zurichsee-feldeggstr-banningersand,Zürichsee Feldeggstr BänningerSand,47.3593922,8.5473682,8008,CH,l,Zurichsee,zurich,zurichsee,False,Zürich,261,415367,110718.696,36435.804,7,3,6,3,3
zurichsee_kusnachterhorn_thirkell-whitej,Zürichsee_Küsnachterhorn_Thirkell WhiteJ,47.3176849,8.5768602,8700,CH,l,Zurichsee,kusnacht,zurichsee,True,Küsnacht (ZH),154,14397,61901.617,24338.769,3,3,6,0,1
zurichsee_wollishofen_langendorfm,zürichsee_wollishofen_langendorfm,47.3458899,8.5361545,8038,CH,l,Zurichsee,zurich,zurichsee,True,Zürich,261,415367,90068.38,28741.887000000002,2,3,6,3,3
